Susceptible, Infectious,Deaths, Births, new_adults,Total_pop,new_inf_mozzies,
9900,100,0,0,0,10000,0
7005,74,0,0,0,7079,0
5020,60,0,1,1,5080,2
3745,43,0,1,1,3788,0
2955,38,2,2,1,2993,1
2477,36,1,2,2,2513,0
2173,32,0,2,2,2205,0
1979,29,0,3,2,2008,0
1777,25,0,4,3,1802,1
1629,22,1,2,3,1651,0
1467,18,0,2,2,1485,0
1323,18,0,4,3,1341,0
1163,22,0,10,7,1185,0
1042,20,0,8,7,1062,0
925,15,1,10,9,940,0
852,12,1,8,8,864,0
761,11,0,15,12,772,1
688,10,0,12,12,698,0
628,9,1,16,14,637,0
564,6,2,14,13,570,0
504,6,1,17,15,510,0
466,7,0,20,18,473,0
437,5,3,25,21,442,0
396,4,1,26,24,400,0
374,2,0,27,25,376,0
344,2,0,30,28,346,0
324,1,0,32,30,325,0
311,2,0,28,28,313,0
306,2,0,44,36,308,0
297,1,0,45,40,298,0
286,2,0,39,40,288,0
288,0,1,33,36,288,0
292,0,0,40,38,292,0
281,0,0,46,42,281,0
287,0,0,56,49,287,0
285,0,0,33,41,285,0
269,0,1,43,42,269,0
285,0,1,57,50,285,0
287,0,0,60,55,287,0
291,0,1,71,63,291,0
290,0,1,75,69,290,0
321,0,0,82,75,321,0
332,0,2,73,74,332,0
340,0,2,73,73,340,0
356,0,0,80,77,356,0
359,0,0,76,76,359,0
372,0,2,105,91,372,0
387,0,2,83,87,387,0
407,0,2,100,92,407,0
436,0,4,94,94,436,0
467,0,1,103,97,467,0
481,0,2,99,96,481,0
481,0,3,98,97,481,0
499,0,3,115,106,499,0
539,0,3,115,110,539,0
564,0,3,129,119,564,0
585,0,0,121,120,585,0
610,0,7,138,129,610,0
654,0,4,158,143,654,0
687,0,7,141,142,687,0
708,0,9,160,151,708,0
741,0,5,160,155,741,0
787,0,7,169,161,787,0
943,0,4,175,168,943,0
1069,0,4,144,155,1069,0
1180,0,7,173,163,1180,0
1276,0,3,157,160,1276,0
1383,0,21,201,181,1383,0
1503,0,12,198,189,1503,0
1627,0,19,188,188,1627,0
1737,0,15,194,190,1737,0
1894,0,18,208,198,1894,0
2039,0,20,203,200,2039,0
2177,1,21,212,205,2178,0
2356,3,19,195,200,2359,0
2502,3,27,221,211,2506,0
2630,3,27,226,217,2633,0
2800,3,22,217,217,2803,0
3017,6,25,224,218,3023,0
3204,5,39,249,234,3209,0
3444,5,44,228,231,3451,0
3671,6,43,229,230,3677,1
3891,8,48,242,233,3899,0
4066,13,37,269,251,4079,0
4314,15,60,294,271,4333,0
4514,12,51,258,264,4526,0
4724,13,67,280,270,4737,0
5010,17,58,271,271,5027,1
5322,20,55,271,269,5344,0
5559,20,85,286,276,5581,0
5882,20,66,297,285,5902,1
6215,18,87,324,303,6234,1
6525,17,96,295,299,6543,1
6789,24,71,269,284,6813,2
7036,28,102,300,289,7065,1
7349,28,98,351,321,7378,2
7652,29,114,348,333,7684,5
7983,31,123,368,349,8015,3
8295,35,121,316,331,8333,3
8543,38,129,311,320,8583,1
8821,43,143,350,334,8868,1
9072,48,132,329,329,9122,5
9420,52,162,341,334,9476,6
9710,49,156,342,334,9761,5
9981,56,150,310,320,10039,9
10164,54,165,342,331,10220,11
10386,55,183,385,356,10444,9
10669,61,180,369,361,10731,22
10942,66,197,396,377,11009,12
11170,81,190,376,375,11254,17
11318,103,203,394,384,11424,19
11585,117,212,424,403,11708,11
11823,124,220,381,391,11951,11
12006,133,236,367,376,12142,17
12236,141,222,419,398,12382,20
12405,150,254,406,400,12561,20
12673,147,238,425,412,12825,25
12886,147,262,403,406,13036,33
13066,154,243,396,398,13227,37
13239,180,283,398,398,13422,36
13340,189,310,424,410,13540,51
13512,210,275,432,419,13724,37
13649,235,301,464,441,13894,46
13728,255,313,452,445,13990,58
13802,272,338,431,435,14080,72
13953,296,326,438,434,14261,61
14058,343,300,480,457,14410,76
14196,384,334,445,449,14594,62
14253,410,364,453,450,14676,89
14273,448,354,479,461,14723,76
14304,490,330,449,455,14798,96
14336,531,319,476,463,14872,100
14373,561,369,472,464,14939,102
14499,593,361,471,467,15102,118
14521,668,366,462,464,15196,114
14578,706,389,463,463,15294,113
14676,752,371,543,500,15442,120
14676,805,381,468,484,15491,122
14685,864,365,513,495,15556,104
14667,948,405,521,506,15625,127
14727,989,380,504,504,15725,120
14706,1053,371,517,506,15770,102
14780,1085,387,501,503,15875,98
14898,1092,375,557,529,16001,99
14853,1133,426,487,505,15998,96
14810,1178,426,525,516,15998,107
14855,1239,424,536,523,16104,73
14881,1254,450,542,530,16149,81
14911,1313,458,530,529,16234,85
14983,1355,431,516,519,16345,52
14940,1397,436,552,535,16346,34
14972,1400,453,556,543,16380,46
14973,1388,445,525,533,16371,50
15097,1373,435,525,528,16480,38
15179,1377,455,557,540,16571,22
15269,1399,438,571,554,16680,41
15254,1373,467,537,544,16641,36
15285,1390,505,596,567,16691,35
15349,1358,472,531,548,16718,33
15464,1355,469,539,540,16831,29
15495,1343,460,518,529,16845,20
15532,1359,461,564,544,16907,16
15500,1308,477,536,537,16824,21
15585,1328,480,569,550,16923,22
15592,1338,491,547,548,16938,17
15710,1331,427,536,539,17049,11
15707,1306,495,567,552,17022,6
15777,1306,467,541,545,17102,8
15848,1281,479,573,555,17142,15
15944,1244,430,559,558,17194,14
15949,1237,481,604,579,17196,8
16080,1218,440,574,575,17313,8
16057,1213,486,512,539,17284,15
16001,1219,492,574,557,17234,13
16145,1198,531,583,569,17361,12
16249,1208,471,565,564,17470,15
16453,1185,471,611,585,17654,14
16564,1171,472,573,576,17749,8
16565,1154,539,586,579,17733,6
16669,1149,535,564,568,17832,8
16621,1130,525,609,587,17767,6
16713,1118,491,593,588,17842,6
16840,1130,471,591,586,17982,10
16900,1090,516,595,588,18005,8
16869,1068,540,587,588,17957,6
16932,1068,509,593,589,18013,8
16869,1078,516,591,590,17965,8
16926,1063,488,557,571,18010,5
16903,1047,535,594,580,17963,8
17039,983,520,593,586,18037,8
17256,1001,474,602,591,18270,11
17322,986,493,581,583,18317,6
17318,991,518,596,589,18317,7
17333,987,553,534,559,18338,3
17249,980,539,542,548,18252,8
17306,986,476,579,563,18305,11
17295,989,508,584,570,18299,8
17437,955,539,561,564,18411,9
17479,924,576,559,562,18425,14
17469,899,550,522,537,18387,14
17435,908,532,564,548,18362,12
17506,879,511,543,545,18406,3
17650,880,474,581,560,18545,2
17748,852,495,592,575,18612,7
17776,862,525,578,575,18653,7
17822,836,477,528,550,18667,4
17832,836,504,543,543,18677,5
17810,837,496,546,544,18663,7
17856,807,535,564,552,18674,3
17872,816,527,534,537,18701,2
18012,800,517,548,544,18825,5
18036,793,524,538,539,18843,6
18018,788,455,575,554,18811,5
18017,802,508,511,529,18828,0
18040,791,487,558,543,18841,4
18007,761,465,544,539,18782,2
17876,745,460,527,532,18626,1
17762,721,502,499,513,18502,0
17640,725,501,531,520,18373,3
17555,706,491,533,523,18276,6
17427,692,495,508,516,18132,4
17372,645,502,522,515,18028,6
17294,661,423,489,499,17965,3
17100,644,441,528,513,17753,8
17015,638,443,460,484,17668,10
16776,622,428,482,481,17409,6
16638,611,430,487,482,17258,8
16589,617,417,515,497,17216,5
16458,599,402,493,493,17074,4
16406,602,391,496,492,17014,9
16216,573,446,481,483,16797,8
16033,556,395,480,478,16595,5
15944,533,391,513,495,16482,0
15785,553,378,471,481,16346,2
15650,541,334,503,491,16201,5
15530,527,371,488,487,16066,2
15350,492,399,516,500,15849,4
15107,455,350,459,478,15570,3
15001,439,366,431,453,15447,6
14772,438,338,425,438,15214,9
14652,409,300,435,433,15067,2
14341,419,358,470,449,14764,2
14216,419,306,400,424,14640,5
14005,408,333,409,414,14417,0
13748,410,298,439,426,14162,1
13622,369,295,421,421,13997,0
13359,340,281,417,419,13710,0
13050,331,284,409,413,13386,2
12869,348,256,424,417,13221,0
12716,326,264,428,421,13046,0
12503,311,248,430,423,12816,0
12318,307,248,374,398,12630,3
12059,316,288,376,385,12381,1
11908,301,257,348,365,12211,2
11702,280,246,379,371,11987,0
11406,276,237,389,377,11687,0
11183,265,232,414,397,11452,0
10941,244,209,365,377,11189,2
10640,247,219,357,367,10891,2
10430,239,189,337,349,10673,0
10151,219,187,346,344,10377,1
9927,219,192,348,346,10153,4
9704,206,169,324,334,9912,2
9484,192,176,345,337,9682,5
9398,189,155,338,335,9587,1
9174,184,158,319,329,9360,3
8856,178,154,349,338,9037,1
8693,177,147,291,312,8872,1
8510,163,131,316,313,8675,0
8364,154,142,328,318,8522,0
8075,142,130,318,319,8218,1
7916,136,149,308,311,8055,0
7724,133,103,309,309,7858,0
7486,128,115,277,292,7615,1
7248,124,120,289,288,7373,1
7038,110,96,307,296,7148,0
6769,93,105,287,289,6863,3
6672,88,76,254,271,6761,0
6373,91,90,249,258,6464,0
6208,87,77,241,249,6298,0
6081,81,73,272,259,6163,0
5833,85,71,252,254,5918,0
5627,75,72,226,239,5702,0
5455,73,59,245,242,5528,0
5251,76,71,234,238,5329,0
5053,73,55,214,225,5127,0
4870,67,55,228,225,4937,0
4647,55,65,204,214,4702,0
4466,54,52,186,198,4522,0
4336,55,37,214,206,4391,0
4229,43,47,211,207,4273,0
4112,35,40,217,211,4147,1
3916,36,44,178,193,3953,2
3803,41,32,161,177,3844,0
3649,40,33,186,181,3689,0
3498,41,39,206,194,3540,0
3357,42,42,175,184,3399,0
3254,38,30,171,176,3292,1
3138,30,21,165,168,3168,0
3029,26,41,132,151,3055,0
2859,25,25,134,143,2884,0
2747,22,23,167,153,2769,0
2646,21,21,166,159,2667,0
2580,23,21,157,158,2603,0
2491,16,21,144,151,2507,0
2391,15,21,139,142,2406,1
2296,11,14,131,135,2307,1
2160,14,8,127,131,2174,0
2060,16,9,129,130,2076,0
1958,17,22,135,130,1975,0
1851,17,18,118,123,1868,0
1762,15,11,122,123,1777,0
1678,13,4,113,116,1691,0
1629,13,5,122,120,1642,0
1534,14,8,95,107,1548,0
1471,12,7,95,99,1483,0
1370,13,9,80,90,1383,0
1312,12,11,82,85,1324,0
1235,9,6,89,87,1244,0
1182,7,6,86,86,1189,0
1112,5,5,78,81,1117,0
1076,3,2,94,87,1079,0
1044,7,3,68,78,1051,0
1004,8,3,70,74,1012,0
955,5,4,70,71,960,0
896,3,2,80,76,899,0
849,1,2,65,70,850,0
787,2,2,52,61,789,0
735,2,5,56,59,737,0
696,3,1,59,58,699,0
659,3,2,55,56,662,0
619,3,1,38,47,622,0
588,2,1,38,42,590,0
548,2,1,37,39,550,0
500,1,0,43,41,501,0
463,1,3,28,35,464,0
448,1,2,30,32,449,0
410,1,2,30,31,411,0
383,2,0,26,27,385,0
364,0,0,20,24,364,0
339,0,0,33,28,339,0
340,0,1,21,24,340,0
306,0,0,21,23,306,0
278,0,0,22,22,278,0
260,0,1,13,18,260,0
240,0,1,14,16,240,0
224,0,1,17,16,224,0
197,0,1,8,12,197,0
171,0,0,15,13,171,0
154,0,1,7,10,154,0
146,0,0,11,11,146,0
136,0,0,9,10,136,0
124,0,0,11,10,124,0
122,0,0,6,8,122,0
113,0,0,6,7,113,0
110,0,0,2,5,110,0
92,0,0,4,4,92,0
77,0,0,1,3,77,0
62,0,0,1,2,62,0
61,0,0,1,1,61,0
59,0,0,0,1,59,0
54,0,0,1,1,54,0
46,0,0,0,0,46,0
43,0,0,0,0,43,0
33,0,0,0,0,33,0
23,0,0,0,0,23,0
23,0,0,0,0,23,0
19,0,0,1,1,19,0
17,0,0,0,0,17,0
16,0,0,0,0,16,0
16,0,0,2,1,16,0
16,0,0,4,3,16,0
17,0,0,5,4,17,0
15,0,0,5,4,15,0
18,0,0,6,5,18,0
17,0,0,2,4,17,0
21,0,0,8,6,21,0
22,0,0,5,5,22,0
28,0,0,10,8,28,0
28,0,0,14,11,28,0
32,0,0,17,14,32,0
41,0,0,21,17,41,0
42,0,0,8,13,42,0
47,0,0,17,15,47,0
48,0,0,11,13,48,0
58,0,0,24,18,58,0
66,0,0,25,22,66,0
69,0,0,23,22,69,0
73,0,0,28,25,73,0
86,0,0,30,28,86,0
88,0,0,20,24,88,0
91,0,0,16,20,91,0
97,0,0,32,26,97,0
99,0,0,38,32,99,0
114,0,0,44,38,114,0
122,0,0,41,39,122,0
133,0,0,35,37,133,0
125,0,1,29,33,125,0
137,0,0,51,42,137,0
152,0,0,44,43,152,0
171,0,0,60,52,171,0
181,0,0,43,47,181,0
189,0,1,61,54,189,0
189,0,1,46,50,189,0
201,0,0,67,58,201,0
216,0,1,53,56,216,0
247,0,0,79,67,247,0
274,0,3,94,80,274,0
285,0,1,61,70,285,0
302,0,0,95,83,302,0
327,0,2,100,91,327,0
334,0,1,96,93,334,0
340,0,3,86,89,340,0
367,0,1,98,94,367,0
412,0,1,104,98,412,0
449,0,2,108,103,449,0
453,0,1,91,97,453,0
471,0,3,121,107,471,0
498,0,1,119,113,498,0
523,0,3,132,122,523,0
542,0,3,103,113,542,0
555,0,7,134,123,555,0
594,0,2,144,133,594,0
633,0,3,135,134,633,0
643,0,3,135,134,643,0
695,0,0,125,129,695,0
726,0,1,152,140,726,0
754,0,5,159,149,754,0
785,0,9,160,154,785,0
913,0,10,160,156,914,0
1036,0,14,172,163,1036,0
1181,0,5,182,173,1181,0
1311,0,7,175,174,1311,0
1398,0,7,169,171,1398,0
1517,0,8,178,174,1517,0
1635,0,14,192,182,1635,0
1755,0,12,202,192,1756,0
1858,0,19,214,203,1858,0
1982,0,25,210,205,1984,0
2105,0,19,207,206,2105,0
2223,0,18,183,195,2223,0
2363,0,18,205,198,2364,0
2491,0,33,226,211,2491,0
2667,0,29,239,224,2668,0
2858,0,31,249,237,2858,0
2987,0,36,250,241,2988,0
3149,0,32,244,241,3149,0
3331,0,36,262,251,3331,0
3515,1,40,256,254,3516,0
3722,1,44,246,248,3726,0
3901,1,53,234,239,3902,0
4133,0,43,243,241,4133,0
4291,0,57,282,260,4291,0
4505,0,58,275,267,4508,0
4710,1,59,282,273,4712,0
4914,1,55,313,292,4915,0
5099,1,90,303,298,5101,0
5373,2,76,326,311,5376,0
5628,2,69,304,306,5632,0
5819,2,81,282,292,5822,0
6049,3,80,302,295,6053,0
6221,4,89,329,313,6227,0
6439,3,94,329,320,6443,0
6661,2,84,329,322,6666,1
6890,1,134,370,345,6892,0
7102,2,100,318,330,7105,1
7294,4,126,365,346,7300,1
7571,4,111,347,346,7577,1
7782,4,158,344,344,7786,0
8013,4,127,390,363,8019,2
8245,5,133,381,372,8254,0
8492,7,129,340,354,8500,0
8672,7,166,393,373,8682,0
8953,9,140,390,380,8965,0
9142,11,154,373,375,9155,0
9347,10,195,411,392,9360,0
9511,10,199,402,394,9526,1
9812,11,171,410,400,9827,0
9990,11,192,394,396,10004,2
10157,12,202,382,386,10170,1
10377,13,188,403,393,10392,1
10540,15,210,397,394,10557,0
10752,14,211,471,431,10773,3
10859,16,225,422,425,10881,0
11050,19,237,402,411,11075,0
11157,17,223,415,413,11180,1
11341,15,257,434,421,11366,0
11476,16,252,447,431,11496,1
11643,14,239,422,426,11659,2
11771,18,262,429,426,11797,1
11902,16,264,442,432,11924,1
12016,19,258,466,449,12036,6
12155,21,253,472,456,12178,5
12379,27,275,474,467,12409,0
12457,25,313,470,466,12490,1
12582,32,302,476,469,12620,1
12721,29,277,480,473,12754,0
12859,31,284,470,472,12899,1
12941,33,313,494,480,12980,1
13050,33,323,455,467,13094,6
13191,36,348,489,477,13238,4
13451,36,268,510,490,13492,8
13518,33,321,503,496,13556,5
13519,36,340,469,481,13564,4
13650,43,332,512,493,13702,2
13762,46,323,468,479,13816,3
13864,48,314,518,496,13923,4
13917,41,321,507,497,13964,7
14063,50,338,561,529,14122,7
14211,52,387,524,526,14273,10
14269,53,357,498,510,14330,4
14348,51,358,536,519,14417,14
14412,56,392,510,511,14478,14
14542,57,377,517,514,14610,8
14569,69,394,543,526,14645,8
14639,71,367,568,542,14718,9
14733,68,384,523,531,14814,5
14786,74,413,557,543,14872,12
14816,71,435,576,559,14898,9
14805,80,411,546,552,14896,8
14952,91,414,562,553,15050,6
15058,98,449,556,551,15165,11
15235,105,390,597,573,15350,8
15273,113,445,512,538,15398,6
15370,118,439,628,583,15507,6
15412,115,432,550,567,15538,8
15447,110,459,543,551,15572,20
15470,117,428,557,550,15594,19
15535,129,425,547,547,15678,30
15649,137,453,528,537,15804,36
15644,140,446,553,542,15794,38
15679,139,452,557,548,15832,25
15798,142,441,612,577,15948,35
15788,155,464,557,563,15959,27
15868,186,434,532,547,16065,38
15911,200,462,616,580,16131,41
15997,229,448,630,604,16242,32
16063,243,456,541,571,16323,23
16078,255,464,537,554,16342,23
16056,275,475,560,554,16344,14
16140,263,429,567,557,16414,33
16187,285,483,588,571,16484,21
16223,294,451,557,563,16527,23
16309,311,452,654,608,16634,38
16401,325,463,584,592,16737,27
16481,330,461,559,571,16821,29
16459,360,488,619,594,16833,35
16537,371,509,557,571,16922,28
16565,379,442,612,591,16954,33
16568,396,514,551,568,16985,37
16562,427,496,610,587,17002,30
16605,413,501,566,574,17037,41
16767,413,446,574,570,17194,31
16822,428,468,573,572,17266,43
16890,435,528,588,577,17342,31
16929,470,488,592,582,17406,24
17011,493,490,589,582,17520,31
17049,510,473,565,571,17570,22
17103,522,483,570,569,17638,30
17178,530,457,609,589,17717,38
17156,539,521,550,565,17708,34
17073,530,537,559,563,17616,34
17191,513,462,590,572,17717,30
17259,543,475,558,560,17820,37
17185,578,495,575,570,17773,54
17238,593,482,544,552,17844,27
17254,614,465,541,543,17879,30
17314,617,478,589,565,17949,32
17383,610,498,595,577,18011,21
17392,629,503,565,569,18032,23
17457,652,487,579,572,18123,33
17594,659,478,564,567,18271,22
17671,659,488,563,562,18349,27
17653,648,491,539,548,18317,22
17603,650,499,590,568,18271,19
17593,664,516,566,565,18267,28
17643,644,534,539,549,18305,22
17831,663,428,545,546,18502,9
17949,674,499,573,557,18636,22
17981,713,510,508,531,18716,8
17772,691,527,530,528,18475,20
17681,660,495,547,534,18350,17
17443,641,522,532,533,18099,11
17322,635,476,531,529,17966,10
17255,624,468,497,510,17887,7
17148,616,454,522,515,17776,12
17044,638,494,539,526,17702,9
17008,622,440,493,507,17641,7
17008,604,391,505,505,17627,12
16821,584,434,501,501,17418,7
16746,563,435,467,481,17316,16
16690,546,410,487,482,17244,13
16435,534,430,508,491,16979,15
16224,538,424,490,489,16768,13
16145,516,374,496,489,16668,10
16049,504,418,496,491,16568,5
15820,521,412,472,480,16349,7
15709,514,390,492,485,16237,7
15503,520,392,479,480,16029,5
15383,511,381,439,457,15903,9
15227,503,351,448,450,15739,9
15074,502,338,496,472,15585,10
14952,488,353,465,465,15442,7
14769,472,334,469,463,15251,9
14620,461,292,472,467,15084,3
14375,450,350,453,458,14836,5
14173,438,347,441,449,14621,10
14002,428,293,428,433,14433,9
13860,409,313,417,423,14273,5
13723,425,288,439,429,14156,10
13581,421,286,439,432,14009,8
13354,406,282,419,425,13761,2
13159,401,283,417,419,13571,2
12962,381,275,384,400,13348,2
12685,339,286,442,419,13030,5
12475,347,288,432,423,12827,4
12331,335,252,385,403,12676,7
12150,337,257,388,393,12496,6
11950,322,240,404,397,12277,6
11726,303,235,390,393,12034,0
11453,309,237,381,384,11767,1
11213,326,211,380,380,11543,2
10983,310,196,342,359,11299,1
10701,297,198,355,354,11004,0
10503,267,196,344,349,10774,2
10229,263,207,387,364,10496,0
10034,260,184,334,350,10297,0
9842,248,173,312,328,10090,0
9682,237,169,347,336,9922,0
9363,227,177,318,327,9591,0
9075,223,159,341,333,9302,0
8840,218,143,332,330,9061,1
8667,204,135,310,318,8873,1
8483,180,124,344,330,8665,1
8338,163,135,360,344,8503,3
8112,164,136,296,319,8277,0
7903,155,133,331,324,8059,0
7704,151,111,310,317,7856,1
7460,154,111,287,301,7616,0
7241,149,120,281,290,7391,0
7119,146,65,283,284,7265,1
6925,133,78,243,264,7058,0
6749,131,92,270,265,6882,0
6536,106,91,257,261,6643,0
6384,92,80,272,265,6476,1
6207,101,75,270,265,6309,2
5966,95,71,248,256,6063,1
5789,87,73,240,248,5876,1
5596,90,64,247,245,5687,0
5405,97,66,228,237,5504,1
5183,93,71,221,228,5277,2
4943,93,65,220,223,5037,1
4787,85,61,211,215,4873,1
4652,79,53,240,227,4731,1
4543,73,54,229,227,4617,0
4389,67,53,162,195,4456,0
4149,69,52,201,196,4219,0
4035,65,42,212,203,4100,0
3904,56,33,225,213,3960,0
3749,56,35,200,205,3806,0
3661,56,39,190,199,3717,0
3521,56,42,170,183,3577,0
3379,55,35,167,174,3434,0
3264,48,24,169,171,3312,0
3152,43,23,165,167,3196,0
3013,34,31,169,168,3049,0
2913,37,17,134,150,2950,0
2777,33,28,152,150,2810,0
2666,38,17,131,140,2704,0
2532,35,18,145,142,2568,1
2411,30,18,149,145,2442,0
2321,28,12,152,148,2349,0
2195,25,15,117,132,2220,0
2119,20,14,113,121,2139,0
2013,17,12,123,120,2030,0
1923,16,11,122,123,1939,0
1871,15,13,121,122,1886,0
1817,14,12,107,113,1831,0
1691,14,10,112,111,1705,0
1605,12,10,124,117,1617,0
1538,14,8,95,106,1553,0
1470,17,8,99,103,1487,0
1373,16,7,95,99,1389,0
1329,14,4,88,92,1343,0
1283,14,5,86,89,1297,0
1226,11,5,90,90,1237,0
1145,9,4,73,81,1154,0
1097,9,1,72,76,1106,0
1012,6,2,64,70,1018,0
973,3,2,88,79,976,0
902,3,1,69,73,905,0
854,4,1,58,66,858,0
813,6,1,56,60,819,0
735,5,1,49,54,740,0
718,5,1,47,51,723,0
665,4,1,45,47,669,0
634,4,3,44,45,638,0
601,3,0,47,46,604,0
555,2,1,33,39,557,0
517,2,2,30,35,519,0
498,1,0,37,35,499,0
460,1,2,29,31,461,0
424,1,2,36,33,425,0
387,2,1,26,30,389,0
353,2,0,22,26,355,0
358,2,0,19,22,360,0
326,2,1,25,23,328,0
291,2,1,17,21,293,0
268,1,0,20,20,269,0
245,1,0,17,18,246,0
218,1,0,12,15,219,0
192,1,0,15,15,193,0
167,0,0,12,14,167,0
151,0,0,5,9,151,0
153,0,0,20,15,153,0
126,0,1,3,9,126,0
126,0,0,9,9,126,0
123,0,0,7,8,123,0
108,0,0,3,5,108,0
96,0,0,5,5,96,0
93,0,0,2,4,93,0
72,0,0,3,3,72,0
65,0,0,0,2,65,0
61,0,0,0,1,61,0
59,0,0,1,1,59,0
51,0,0,1,1,51,0
46,0,0,1,1,46,0
37,0,0,0,0,37,0
29,0,0,0,0,29,0
28,0,0,0,0,28,0
26,0,0,0,0,26,0
25,0,0,0,0,25,0
21,0,0,0,0,21,0
21,0,0,1,1,21,0
19,0,0,1,1,19,0
15,0,0,2,1,15,0
14,0,0,2,2,14,0
12,0,0,0,1,12,0
11,0,0,2,1,11,0
11,0,0,3,2,11,0
14,0,0,10,6,14,0
15,0,0,7,7,15,0
14,0,0,6,6,14,0
18,0,0,8,7,18,0
17,0,0,7,7,17,0
23,0,0,12,9,23,0
28,0,0,12,11,28,0
32,0,0,12,11,32,0
35,0,0,7,9,35,0
40,0,0,19,14,40,0
43,0,0,23,18,43,0
54,0,0,27,23,54,0
69,0,0,20,21,69,0
71,0,0,12,17,71,0
78,0,0,32,24,78,0
77,0,0,21,23,77,0
74,0,0,38,30,74,0
85,0,1,34,32,85,0
102,0,0,37,34,102,0
113,0,0,34,34,113,0
119,0,2,36,35,119,0
124,0,0,42,39,124,0
145,0,0,41,40,145,0
141,0,0,56,47,141,0
154,0,0,54,51,154,0
167,0,0,44,47,167,0
188,0,0,59,53,188,0
214,0,0,67,60,214,0
225,0,1,64,62,225,0
231,0,1,64,62,231,0
250,0,0,65,64,250,0
263,0,1,76,70,263,0
277,0,2,77,73,277,0
290,0,3,75,74,290,0
317,0,1,113,93,317,0
333,0,3,79,86,333,0
352,0,2,91,89,352,0
360,0,3,94,91,360,0
393,0,0,109,100,393,0
428,0,0,104,102,428,0
459,0,2,100,101,459,0
490,0,2,119,110,490,0
500,0,2,118,114,500,0
521,0,1,113,113,521,0
543,0,0,109,111,543,0
553,0,2,119,115,553,0
575,0,7,117,115,575,0
600,0,5,134,125,600,0
634,0,1,125,124,634,0
652,0,3,176,150,652,0
672,0,5,144,146,672,0
694,0,7,151,147,694,0
722,0,2,178,163,722,0
752,0,6,154,158,753,0
790,0,6,179,168,790,0
945,0,6,158,163,945,0
1076,0,8,162,161,1076,0
1238,0,10,181,171,1238,0
1358,0,8,181,174,1358,0
1441,0,14,177,175,1441,0
1549,0,16,192,181,1550,0
1640,0,13,184,183,1640,0
1739,0,12,186,184,1739,0
1857,0,23,208,195,1858,0
1993,0,27,223,208,1993,0
2134,0,25,208,207,2134,0
2314,0,15,229,219,2314,0
2473,0,32,229,223,2473,0
2648,0,25,259,241,2648,0
2764,0,17,218,229,2764,0
2885,0,33,238,233,2885,0
3015,0,37,229,231,3015,0
3141,0,30,240,235,3141,0
3311,0,47,237,235,3312,0
3474,0,50,274,255,3475,0
3701,1,46,267,259,3702,0
3887,0,62,265,262,3889,0
4110,0,40,271,267,4111,0
4302,0,62,270,266,4303,0
4462,0,57,268,267,4462,0
4680,2,58,273,268,4682,0
4888,2,60,276,273,4892,0
5089,2,63,321,294,5093,0
5320,1,74,305,298,5321,0
5515,0,82,285,291,5515,0
5703,2,77,314,301,5705,0
5879,2,92,289,294,5882,0
6126,2,84,344,318,6128,0
6382,4,109,334,324,6388,0
6599,4,127,303,314,6604,0
6824,3,102,346,327,6827,0
7156,7,121,362,344,7164,0
7378,7,127,349,343,7389,0
7541,8,127,328,336,7552,0
7729,8,138,361,348,7738,0
7971,9,115,389,366,7980,0
8290,10,126,366,366,8301,0
8496,9,149,344,354,8508,0
8747,10,142,346,346,8759,0
8898,9,160,344,344,8910,0
9111,8,174,412,376,9127,0
9372,9,163,413,395,9386,1
9548,11,180,355,373,9564,0
9709,12,184,406,388,9728,1
9900,11,200,364,376,9915,0
10040,13,178,407,390,10054,1
10203,10,212,386,386,10216,1
10395,12,197,427,407,10415,0
10616,13,222,415,410,10633,0
10863,13,228,434,419,10884,0
11029,15,256,428,424,11046,0
11146,17,201,396,409,11168,1
11279,12,243,414,409,11297,0
11354,11,268,428,417,11374,2
11512,10,248,435,424,11534,1
11716,12,253,465,443,11734,0
11857,10,271,466,451,11873,3
11973,10,266,444,447,11989,2
12091,14,292,448,444,12114,4
12245,12,295,457,450,12264,1
12393,15,275,448,447,12416,1
12490,15,302,462,454,12514,0
12626,16,309,499,473,12649,2
12796,21,300,505,487,12821,2
12932,21,310,473,479,12961,1
13003,24,332,504,490,13036,1
13092,24,323,480,483,13124,3
13247,23,319,511,496,13278,4
13429,25,330,492,491,13462,1
13419,25,346,550,520,13456,2
13576,28,320,491,503,13613,1
13632,27,312,489,495,13666,2
13757,26,395,518,504,13796,4
13850,27,358,522,509,13884,0
14039,30,364,521,513,14075,0
14001,34,401,531,522,14041,0
14084,36,396,504,509,14136,0
14215,37,366,551,532,14266,1
14332,32,381,541,533,14380,2
14449,30,361,522,527,14492,4
14568,31,372,553,537,14607,4
14591,31,396,537,534,14635,3
14681,33,383,553,541,14723,4
14735,38,408,551,546,14785,1
14802,41,367,555,548,14850,2
14891,36,423,588,566,14939,4
14968,38,399,537,551,15016,4
15087,40,426,516,531,15137,8
15243,42,406,588,558,15297,5
15291,47,427,557,555,15353,9
15254,48,422,538,543,15307,11
15267,48,399,540,536,15326,5
15307,57,481,582,558,15380,5
15411,61,451,557,556,15490,8
15522,63,417,535,546,15595,5
15554,66,437,599,567,15631,10
15668,78,425,583,575,15758,13
15740,82,422,568,568,15835,5
15837,85,439,563,563,15937,7
15955,84,423,545,550,16050,12
16012,88,441,547,543,16112,11
16042,86,475,553,546,16140,15
16071,88,478,603,574,16184,12
16155,88,456,572,573,16256,18
16268,92,431,637,602,16371,18
16290,111,459,549,572,16419,13
16258,123,477,605,588,16398,19
16309,134,482,565,574,16458,19
16425,141,423,581,576,16584,18
16517,129,487,620,594,16658,29
16595,131,486,590,591,16739,23
16667,150,465,596,592,16828,20
16723,169,495,558,574,16903,22
16668,171,517,579,575,16858,22
16738,172,469,564,567,16922,28
16803,192,503,554,558,17006,21
16801,209,486,590,574,17028,39
16914,231,495,544,555,17154,27
16853,238,495,568,560,17103,31
16905,255,481,579,567,17175,31
16908,272,497,611,586,17188,24
17020,283,479,571,578,17309,37
17039,299,521,583,578,17349,35
17169,295,488,586,580,17482,25
17157,303,534,593,585,17482,36
17212,314,513,564,570,17543,40
17165,316,464,561,567,17496,45
17167,336,485,553,556,17520,36
17170,373,484,611,583,17562,37
17151,380,480,550,564,17541,36
17228,393,498,540,550,17634,35
17326,416,472,562,556,17752,32
17395,409,468,576,562,17812,47
17367,440,489,540,551,17827,38
17416,446,481,539,543,17873,46
17466,472,466,577,557,17947,37
17455,505,496,550,554,17976,44
17549,496,503,561,554,18060,40
17578,523,519,574,560,18112,45
17608,533,507,562,560,18160,34
17719,561,484,552,552,18288,35
17760,564,526,580,565,18334,31
17689,594,505,573,565,18303,33
17715,610,470,580,573,18339,38
17769,622,503,549,558,18407,20
17716,638,463,517,538,18371,26
17652,618,522,508,520,18286,35
17541,612,488,508,511,18169,35
17331,613,479,528,517,17963,27
17212,618,464,486,499,17840,26
17121,629,483,483,490,17767,23
17044,624,438,530,508,17677,25
16931,628,498,503,503,17573,18
16718,624,505,496,497,17357,21
16639,613,421,473,483,17260,21
16649,613,438,491,485,17271,17
16488,607,404,515,497,17105,13
16373,600,415,498,496,16984,12
16352,598,417,522,508,16956,12
16200,599,378,468,487,16806,10
16075,580,405,533,508,16671,12
15824,569,417,488,494,16402,8
15632,555,386,467,479,16196,8
15530,547,359,461,468,16086,15
15460,534,395,469,466,16001,11
15385,559,351,471,466,15954,14
15214,533,347,487,473,15753,5
15078,521,345,468,470,15607,10
14908,532,370,459,460,15453,7
14740,503,338,465,460,15244,11
14580,502,356,438,452,15089,12
14424,477,313,473,458,14907,8
14217,492,309,436,443,14714,1
14043,476,342,417,429,14525,0
13834,455,315,453,436,14293,3
13587,452,320,420,428,14045,6
13506,457,297,364,394,13967,5
13228,433,315,437,414,13667,5
13010,420,294,390,401,13437,2
12809,412,272,417,407,13226,3
12603,407,253,395,398,13012,4
12333,392,274,424,410,12732,4
12026,367,274,373,390,12399,4
11880,348,239,352,370,12228,6
11687,331,249,394,381,12022,2
11482,332,233,355,367,11819,9
11260,325,245,367,366,11590,2
11040,331,211,400,382,11373,3
10888,311,204,359,368,11202,3
10570,292,215,344,357,10868,3
10332,287,199,331,340,10621,3
10157,278,171,355,347,10440,2
10077,270,169,340,339,10351,1
9727,271,187,316,327,9999,0
9494,263,151,319,320,9760,1
9245,249,167,325,321,9495,1
8994,231,154,321,318,9225,0
8760,217,142,308,312,8980,0
8660,199,124,306,307,8860,0
8433,207,137,320,314,8644,1
8146,212,139,296,303,8360,3
7898,214,153,278,289,8114,1
7739,196,104,298,293,7936,0
7570,181,121,278,284,7752,0
7356,173,109,297,290,7529,1
7139,175,106,267,278,7315,1
6913,161,105,266,271,7076,0
6709,149,91,259,263,6859,0
6555,145,81,262,262,6700,0
6365,131,83,258,259,6496,0
6141,133,80,235,246,6274,1
5986,133,60,234,239,6119,0
5744,118,86,283,261,5864,0
5550,123,65,229,244,5673,1
5422,116,79,224,233,5539,1
5273,112,70,223,229,5385,1
5156,105,49,242,233,5261,1
4958,90,61,198,216,5048,1
4755,94,60,236,224,4849,0
4597,89,51,246,233,4686,0
4452,76,52,193,213,4531,0
4267,74,42,190,201,4341,0
4137,70,33,181,191,4207,0
3987,61,53,189,188,4049,0
3791,59,48,191,189,3851,0
3662,56,38,186,188,3718,0
3560,53,34,180,181,3613,0
3409,53,25,165,173,3463,1
3243,48,31,159,164,3291,0
3068,51,31,197,180,3119,0
2992,37,27,154,167,3029,0
2879,38,16,133,147,2917,0
2724,32,27,153,149,2756,0
2622,30,16,161,155,2652,0
2545,29,20,135,144,2574,0
2407,25,24,136,139,2433,0
2264,24,22,135,138,2288,0
2169,21,12,132,134,2190,0
2082,22,13,127,127,2104,0
2005,20,12,120,124,2025,0
1927,17,12,115,118,1944,0
1826,13,16,99,109,1840,0
1758,12,7,119,114,1770,0
1651,10,11,86,98,1661,0
1582,8,8,92,95,1590,0
1510,4,6,102,99,1514,0
1402,12,8,86,91,1414,0
1356,16,4,80,85,1372,0
1275,13,6,83,85,1288,0
1214,12,8,80,82,1226,0
1130,8,4,84,83,1138,0
1052,7,4,72,77,1059,0
1002,8,5,75,76,1010,0
976,8,3,70,73,984,0
924,6,3,64,68,930,0
907,7,2,63,65,914,0
850,3,1,47,56,853,0
795,1,0,59,58,796,0
748,3,1,50,53,751,0
688,6,2,43,49,694,0
652,6,1,51,49,658,0
621,4,4,46,47,625,0
585,3,1,39,43,588,0
563,2,0,42,43,565,0
525,2,0,48,45,527,0
496,3,0,45,45,499,0
454,3,1,23,33,457,0
421,4,0,25,29,425,0
394,3,2,24,26,397,0
372,3,0,21,24,375,0
349,3,0,23,23,352,0
324,3,0,23,23,327,0
302,3,0,18,21,305,0
283,2,0,18,19,285,0
267,1,1,23,21,268,0
247,0,0,8,15,247,0
217,0,0,13,13,217,0
200,0,0,12,13,200,0
190,0,0,15,14,190,0
180,0,0,10,12,180,0
163,0,0,11,11,163,0
140,0,0,6,9,140,0
133,0,0,8,8,133,0
126,0,0,7,7,126,0
109,0,0,6,7,109,0
103,0,0,5,6,103,0
97,1,0,2,4,98,0
87,0,0,2,3,87,0
74,0,0,1,2,74,0
63,0,0,1,1,63,0
58,0,0,1,1,58,0
49,0,0,1,1,49,0
43,0,0,0,1,43,0
39,0,0,0,0,39,0
34,0,0,0,0,34,0
33,0,0,0,0,33,0
30,0,0,0,0,30,0
26,0,0,2,1,26,0
28,0,0,2,2,28,0
28,0,0,2,2,28,0
24,0,0,1,1,24,0
21,0,0,1,1,21,0
16,0,0,5,3,16,0
20,0,0,4,4,20,0
22,0,0,7,5,22,0
23,0,0,6,6,23,0
22,0,0,7,6,22,0
20,0,0,8,7,20,0
27,0,0,13,10,27,0
32,0,0,13,12,32,0
36,0,0,15,13,36,0
38,0,0,12,13,38,0
41,0,0,14,13,41,0
44,0,0,16,15,44,0
43,0,0,13,14,43,0
52,0,0,28,21,52,0
65,0,0,30,25,65,0
68,0,0,21,23,68,0
70,0,0,19,21,70,0
80,0,0,35,28,80,0
83,0,0,25,27,83,0
99,0,0,37,32,99,0
108,0,0,33,32,108,0
120,0,0,44,38,120,0
125,0,0,38,38,125,0
137,0,0,53,46,137,0
147,0,0,39,42,147,0
155,0,0,35,38,155,0
159,0,1,44,41,159,0
163,0,1,48,44,163,0
169,0,0,49,47,169,0
172,0,0,54,51,172,0
194,0,0,64,57,194,0
214,0,0,62,59,214,0
238,0,0,77,68,238,0
253,0,0,66,67,253,0
272,0,1,71,69,272,0
299,0,1,97,83,299,0
309,0,4,79,81,309,0
319,0,3,67,74,319,0
330,0,3,94,83,330,0
351,0,0,86,84,351,0
364,0,1,91,88,364,0
383,0,5,108,97,383,0
419,0,0,113,104,419,0
430,0,5,98,101,430,0
450,0,2,93,97,450,0
489,0,5,108,103,490,0
512,0,1,124,113,512,0
535,0,2,131,122,535,0
535,0,1,88,105,535,0
556,0,5,127,115,556,0
587,0,2,141,128,587,0
614,0,0,147,137,614,0
637,0,5,144,140,637,0
668,0,2,148,143,668,0
706,0,2,149,146,706,0
768,0,3,156,151,768,0
802,0,9,151,151,802,0
816,0,3,167,158,816,0
823,0,5,158,157,823,0
972,0,3,164,160,972,0
1090,0,7,167,164,1091,0
1209,0,9,184,173,1209,0
1322,0,6,156,165,1322,0
1450,0,5,212,186,1450,0
1574,0,14,193,189,1574,0
1667,0,20,209,199,1668,0
1768,0,26,190,194,1770,0
1895,0,13,178,185,1895,0
2042,0,16,227,207,2042,0
2162,0,21,214,209,2162,0
2295,0,22,236,220,2295,0
2432,0,26,234,226,2432,0
2536,0,37,200,213,2537,0
2703,1,22,227,219,2705,0
2868,2,40,251,234,2870,0
3057,2,26,252,243,3059,0
3229,2,45,283,262,3233,0
3379,1,53,255,257,3380,0
3538,1,31,280,267,3539,0
3745,1,46,289,277,3747,0
3887,1,58,261,268,3890,0
4067,2,50,283,273,4069,0
4270,3,46,291,280,4274,0
4546,3,53,283,282,4550,0
4741,3,65,294,287,4746,0
4935,4,81,290,289,4940,0
5073,2,77,301,294,5076,0
5263,2,89,311,301,5265,0
5507,4,75,303,300,5513,0
5671,6,79,329,315,5677,0
5885,7,77,310,310,5896,0
6060,8,93,323,315,6071,0
6365,7,100,327,319,6373,0
6551,6,112,336,325,6557,0
6824,7,107,345,335,6834,0
7089,7,117,334,332,7099,0
7277,7,112,332,331,7284,0
7503,7,154,379,354,7515,0
7658,6,136,369,360,7666,0
7910,9,139,362,360,7922,0
8189,7,127,359,357,8197,0
8508,9,146,401,378,8519,0
8739,7,171,387,381,8750,1
8920,6,151,367,372,8930,0
9043,6,176,423,397,9053,0
9222,7,204,411,402,9232,0
9461,6,156,399,399,9469,1
9700,6,169,380,388,9706,0
9920,7,208,449,416,9930,2
10178,9,191,404,409,10188,1
10383,8,220,396,402,10398,1
10524,11,206,409,403,10542,4
10727,16,219,456,431,10748,1
10872,14,257,430,429,10891,1
11096,15,235,448,437,11118,1
11221,16,267,419,425,11245,0
11461,15,250,450,437,11482,0
11598,14,267,447,441,11619,2
11726,18,260,444,440,11746,1
11843,23,235,432,433,11870,0
11997,18,243,476,456,12016,0
12136,18,279,452,451,12158,2
12283,17,297,446,445,12306,2
12318,18,278,452,446,12341,1
12429,18,300,487,467,12455,2
12601,19,282,490,474,12624,1
12732,23,299,492,485,12760,2
12844,20,336,482,480,12871,3
13015,16,336,522,498,13042,6
13259,21,310,466,480,13285,2
13329,19,333,482,479,13357,2
13531,21,324,540,506,13559,5
13549,23,340,552,529,13586,4
13675,25,358,517,523,13717,7
13776,31,324,502,510,13815,8
13811,36,357,499,501,13863,4
13964,34,366,529,511,14011,8
14003,39,356,530,522,14051,9
14107,41,351,571,545,14155,5
14226,39,351,496,518,14271,9
14330,46,366,533,524,14380,12
14402,52,366,482,500,14458,9
14432,57,390,506,503,14500,4
14600,62,364,516,507,14669,4
14634,72,418,524,514,14716,4
14758,67,421,511,509,14834,7
14789,65,397,551,531,14862,6
14776,71,444,533,528,14859,6
14831,73,420,577,551,14921,8
14900,78,386,526,536,14984,5
14966,82,412,555,546,15069,11
15060,83,414,599,568,15158,15
15185,91,384,531,550,15287,9
15262,89,415,567,554,15363,13
15415,91,431,548,548,15521,10
15425,96,412,574,560,15537,23
15514,104,452,554,555,15634,12
15527,115,436,516,535,15655,15
15495,118,452,538,533,15622,20
15546,137,433,624,577,15692,18
15649,147,473,555,562,15811,15
15838,150,399,564,563,15994,10
16075,156,439,586,572,16240,9
16068,159,504,624,595,16237,8
16003,155,467,527,557,16164,10
15966,157,506,532,544,16138,18
15989,168,491,612,576,16178,14
16014,168,500,607,586,16196,29
16131,179,469,591,588,16322,21
16239,184,461,590,589,16433,29
16345,189,459,561,569,16546,16
16367,189,476,583,573,16571,21
16454,204,440,621,594,16671,33
16505,224,458,556,571,16742,35
16523,218,480,635,601,16756,29
16589,234,470,604,603,16837,38
16646,249,432,543,569,16905,41
16709,263,501,548,557,16983,32
16673,266,479,550,551,16950,38
16720,282,472,598,572,17018,32
16791,302,480,576,568,17105,41
16696,329,533,548,556,17038,45
16660,361,515,581,567,17035,53
16782,382,505,598,583,17181,40
16840,394,492,546,560,17246,50
16874,409,500,553,553,17295,40
16807,454,473,530,540,17273,38
16825,455,506,585,559,17301,26
16852,462,480,602,578,17329,39
16930,469,502,580,578,17409,36
16973,486,521,593,582,17470,22
17029,502,471,579,580,17542,34
17138,513,467,548,562,17667,37
17139,520,511,565,559,17672,50
17086,534,492,559,559,17631,35
17063,553,511,593,570,17625,41
17157,535,476,551,561,17709,29
17186,563,459,506,528,17758,29
17256,595,468,557,538,17867,25
17232,598,521,523,530,17844,27
17277,614,503,547,537,17906,20
17367,625,499,573,552,18008,28
17373,607,508,565,556,17997,16
17344,608,477,554,554,17959,21
17404,624,484,608,580,18037,20
17478,606,501,547,561,18102,12
17565,621,469,572,565,18208,23
17662,640,501,525,543,18318,23
17681,658,505,549,545,18352,21
17713,656,463,505,522,18382,23
17656,640,420,553,536,18303,22
17460,636,469,541,535,18106,22
17503,641,437,516,524,18156,20
17344,642,450,542,533,17998,13
17289,625,446,485,505,17929,11
17177,618,451,542,522,17800,10
16981,633,458,516,516,17630,10
16968,623,430,470,490,17603,23
16934,613,437,502,497,17559,11
16825,601,414,524,507,17433,11
16653,598,453,473,488,17267,12
16582,606,416,500,491,17204,10
16478,572,427,500,492,17057,8
16366,563,399,485,487,16944,12
16269,565,400,509,496,16839,8
16195,552,412,475,484,16752,9
16082,550,389,469,474,16645,7
15876,539,388,465,468,16423,9
15717,545,372,476,470,16270,10
15504,518,382,437,452,16032,3
15355,498,331,420,434,15858,10
15186,489,307,463,447,15680,10
15039,476,333,419,433,15519,8
14851,480,364,423,425,15335,10
14703,480,323,443,433,15188,11
14519,484,336,460,443,15010,8
14320,468,322,394,419,14790,8
14187,460,303,468,440,14659,7
13971,436,317,434,434,14419,7
13725,440,289,387,408,14170,4
13579,427,281,415,410,14013,3
13394,411,293,410,408,13811,0
13188,395,242,416,411,13587,0
12950,367,269,412,412,13323,2
12643,352,257,388,397,13000,0
12397,348,291,351,375,12753,0
12132,346,261,384,377,12484,0
11988,349,219,402,388,12339,2
11803,334,219,362,372,12140,3
11649,317,245,336,353,11967,1
11430,301,203,382,368,11734,2
11210,292,232,326,345,11512,2
10958,282,190,376,358,11245,2
10719,255,203,392,374,10978,1
10597,241,176,363,366,10840,2
10439,243,180,336,350,10683,1
10210,236,169,355,353,10449,0
9970,241,162,320,333,10212,0
9722,221,142,328,330,9946,0
9454,211,159,314,321,9666,1
9203,181,165,301,310,9386,0
8881,176,160,317,312,9060,1
8687,169,147,335,320,8860,0
8478,166,138,318,318,8650,2
8260,167,145,290,303,8431,0
8065,169,120,294,295,8235,2
7834,163,139,308,303,8000,1
7677,148,113,310,304,7827,2
7422,130,103,276,289,7553,0
7279,127,102,287,287,7406,2
7010,108,102,259,270,7119,0
6820,110,111,252,261,6932,1
6621,102,94,251,255,6724,0
6394,93,88,274,264,6487,1
6248,98,77,250,255,6347,1
6105,97,73,225,239,6204,0
5921,91,82,222,231,6013,0
5736,72,62,277,253,5808,0
5537,68,67,219,234,5605,1
5379,60,80,226,229,5442,1
5151,53,60,236,233,5206,2
4950,59,56,205,217,5010,0
4773,56,61,227,221,4830,0
4598,51,43,211,216,4650,2
4446,49,57,213,214,4495,0
4310,52,49,192,201,4362,1
4112,49,53,187,193,4162,0
3985,41,34,179,186,4026,0
3802,46,30,180,182,3848,0
3709,44,23,194,188,3753,0
3609,46,31,188,187,3655,0
3464,40,36,171,178,3504,0
3336,37,38,180,178,3373,0
3200,35,26,166,170,3235,0
3067,30,26,137,153,3097,0
2976,30,23,160,156,3007,0
2861,30,23,167,161,2891,0
2726,28,20,154,156,2754,0
2573,26,21,134,144,2599,0
2467,29,16,133,139,2496,0
2373,25,18,121,129,2398,0
2302,19,21,140,135,2321,0
2163,17,12,127,130,2180,0
2101,11,7,107,118,2112,0
1952,8,17,102,109,1960,0
1878,12,11,102,104,1890,0
1804,9,8,128,115,1813,0
1712,12,8,92,103,1724,0
1657,13,5,104,102,1670,0
1555,11,7,99,100,1566,0
1480,10,9,101,100,1490,0
1417,12,5,102,101,1429,0
1322,9,7,87,93,1331,0
1247,7,3,77,85,1254,0
1204,8,6,76,80,1213,0
1143,7,1,64,72,1150,0
1072,5,2,62,67,1077,0
1012,4,6,62,63,1016,0
952,3,1,66,64,955,0
892,0,3,59,62,892,0
845,2,3,69,66,847,0
828,0,4,77,70,828,0
782,0,6,58,64,782,0
742,0,3,34,50,742,0
682,2,3,37,42,684,0
628,2,0,41,42,630,0
596,1,4,37,39,597,0
557,1,0,36,37,558,0
525,1,1,24,31,526,0
479,1,1,31,31,480,0
443,1,0,21,25,444,0
409,2,0,28,26,411,0
388,2,1,25,26,390,0
361,1,1,15,20,362,0
337,1,0,24,22,338,0
313,1,0,19,21,314,0
293,1,0,16,18,294,0
268,1,1,20,19,269,0
255,0,0,18,18,255,0
224,0,0,14,16,224,0
214,0,0,11,14,214,0
189,0,0,8,11,189,0
170,0,0,6,8,170,0
153,0,0,11,10,153,0
139,0,0,5,7,139,0
123,0,0,1,4,123,0
109,0,0,5,5,109,0
109,0,0,5,5,109,0
103,0,0,2,3,103,0
86,0,1,3,3,86,0
80,0,0,2,3,80,0
80,0,0,3,3,80,0
74,0,0,1,2,74,0
60,0,0,0,1,60,0
54,0,0,0,0,54,0
44,0,0,0,0,44,0
40,0,0,0,0,40,0
36,0,0,0,0,36,0
34,0,0,0,0,34,0
