id,inf_state,current_time,infected_time,ct_value,ct_type_method,number_of_bites,species,sex,current_age,death_day,sim_number,
2601309,0,1050,0,40,3,0,2,1,39,35,4
2577796,0,1050,0,40,3,6,2,1,68,53,4
2598885,0,1050,0,40,3,1,2,1,50,46,4
2600150,0,1050,0,40,3,1,2,1,41,56,4
2546285,0,1050,0,40,2,14,2,1,94,57,4
2599908,0,1050,0,40,2,2,2,1,37,33,4
2602608,0,1050,0,40,2,1,2,1,29,58,4
2572264,0,1050,0,40,2,10,2,1,64,18,4
2605148,0,1050,0,40,3,0,2,1,25,24,4
2597699,0,1050,0,40,2,3,2,1,37,41,4
2595748,0,1050,0,40,3,3,2,1,53,47,4
2605521,0,1050,0,40,2,0,2,1,23,46,4
2598792,0,1050,0,40,3,3,2,1,36,78,4
2601456,0,1050,0,40,3,2,2,1,33,61,4
2530159,0,1050,0,40,2,16,2,1,89,90,4
2593496,0,1050,0,40,3,5,2,1,42,20,4
2601873,0,1050,0,40,3,2,2,1,33,39,4
2605654,0,1050,0,40,2,0,2,1,21,45,4
2605682,0,1050,0,40,2,0,2,1,21,57,4
2582418,0,1050,0,40,2,7,2,1,58,35,4
2604995,0,1050,0,40,3,1,2,1,22,24,4
2605930,0,1050,0,40,3,0,2,1,20,78,4
2539659,0,1050,0,40,2,18,2,1,91,42,4
2515160,0,1050,0,40,3,15,2,1,162,44,4
2603784,0,1050,0,40,2,1,2,1,27,88,4
2604772,0,1050,0,40,2,1,2,1,24,37,4
2586801,0,1050,0,40,3,7,2,1,50,29,4
2601621,0,1050,0,40,2,2,2,1,27,62,4
2602082,0,1050,0,40,2,2,2,1,24,42,4
2605280,0,1050,0,40,3,1,2,1,21,63,4
2575320,0,1050,0,40,3,9,2,1,65,47,4
2605973,0,1050,0,40,2,0,2,1,18,28,4
2604906,0,1050,0,40,3,1,2,1,19,28,4
2604658,0,1050,0,40,2,1,2,1,22,32,4
2518058,0,1050,0,40,2,22,2,1,114,23,4
2600547,0,1050,0,40,2,2,2,1,36,49,4
2606013,0,1050,0,40,3,0,2,1,17,25,4
2606225,0,1050,0,40,3,0,2,1,17,48,4
2592080,0,1050,0,40,3,3,2,1,38,30,4
2560376,0,1050,0,40,2,10,2,1,76,33,4
2602077,0,1050,0,40,3,2,2,1,28,50,4
2575298,0,1050,0,40,3,11,2,1,65,69,4
2602791,0,1050,0,40,2,3,2,1,22,27,4
2604761,0,1050,0,40,2,1,2,1,21,61,4
2605308,0,1050,0,40,3,1,2,1,19,32,4
2604948,0,1050,0,40,3,1,2,1,22,97,4
2606097,0,1050,0,40,3,0,2,1,16,51,4
2606335,0,1050,0,40,3,0,2,1,16,30,4
2603900,0,1050,0,40,2,2,2,1,25,9,4
2592136,0,1050,0,40,2,6,2,1,41,39,4
2604763,0,1050,0,40,2,1,2,1,16,50,4
2590566,0,1050,0,40,3,7,2,1,38,38,4
2566340,0,1050,0,40,3,10,2,1,77,45,4
2601532,0,1050,0,40,2,3,2,1,31,51,4
2604092,0,1050,0,40,2,2,2,1,25,39,4
2604488,0,1050,0,40,2,1,2,1,26,69,4
2603421,0,1050,0,40,3,2,2,1,22,26,4
2605614,0,1050,0,40,2,1,2,1,19,33,4
2605992,0,1050,0,40,3,1,2,1,18,34,4
2604430,0,1050,0,40,2,2,2,1,23,49,4
2606089,0,1050,0,40,2,0,2,1,15,40,4
2606539,0,1050,0,40,2,0,2,1,15,41,4
2604005,0,1050,0,40,2,1,2,1,22,45,4
2605173,0,1050,0,40,3,1,2,1,17,43,4
2555612,0,1050,0,40,2,11,2,1,90,31,4
2605431,0,1050,0,40,2,1,2,1,18,52,4
2591796,0,1050,0,40,3,5,2,1,51,90,4
2605641,0,1050,0,40,2,1,2,1,18,48,4
2604819,0,1050,0,40,3,2,2,1,19,55,4
2604862,0,1050,0,40,2,2,2,1,22,79,4
2589657,0,1050,0,40,3,7,2,1,44,33,4
2594411,0,1050,0,40,2,6,2,1,45,66,4
2577965,0,1050,0,40,3,9,2,1,65,17,4
2606546,0,1050,0,40,2,0,2,1,14,33,4
2606590,0,1050,0,40,3,0,2,1,14,15,4
2606690,0,1050,0,40,3,0,2,1,14,85,4
2606706,0,1050,0,40,2,0,2,1,14,57,4
2605484,0,1050,0,40,2,1,2,1,15,78,4
2605848,0,1050,0,40,2,1,2,1,14,26,4
2605647,0,1050,0,40,3,1,2,1,17,20,4
2532476,0,1050,0,40,3,19,2,1,105,19,4
2597903,0,1050,0,40,3,4,2,1,33,40,4
2601693,0,1050,0,40,3,3,2,1,26,53,4
2593648,0,1050,0,40,2,6,2,1,39,30,4
2599226,0,1050,0,40,2,2,2,1,36,32,4
2605467,0,1050,0,40,3,2,2,1,16,41,4
2599067,0,1050,0,40,3,6,2,1,30,35,4
2604192,0,1050,0,40,2,2,2,1,22,36,4
2604625,0,1050,0,40,3,2,2,1,16,59,4
2603553,0,1050,0,40,3,3,2,1,23,66,4
2606705,0,1050,0,40,3,0,2,1,13,18,4
2606837,0,1050,0,40,2,0,2,1,13,31,4
2532067,0,1050,0,40,3,14,2,1,113,39,4
2581354,0,1050,0,40,3,8,2,1,64,42,4
2604933,0,1050,0,40,2,2,2,1,17,54,4
2603128,0,1050,0,40,2,1,2,1,29,21,4
2606172,0,1050,0,40,2,1,2,1,13,34,4
2530106,0,1050,0,40,3,17,2,1,115,81,4
2604459,0,1050,0,40,3,2,2,1,21,32,4
2604586,0,1050,0,40,3,2,2,1,20,43,4
2605454,0,1050,0,40,3,1,2,1,16,47,4
2602668,0,1050,0,40,3,3,2,1,29,33,4
2606261,0,1050,0,40,3,1,2,1,13,37,4
2598720,0,1050,0,40,3,7,2,1,32,34,4
2603559,0,1050,0,40,2,4,2,1,20,26,4
2566346,0,1050,0,40,3,9,2,1,93,57,4
2564924,0,1050,0,40,3,8,2,1,94,62,4
2606080,0,1050,0,40,3,1,2,1,17,9,4
2542763,0,1050,0,40,2,15,2,1,92,50,4
2603491,0,1050,0,40,2,3,2,1,23,85,4
2606572,0,1050,0,40,2,0,2,1,12,57,4
2606739,0,1050,0,40,3,0,2,1,12,38,4
2606778,0,1050,0,40,3,0,2,1,12,44,4
2606814,0,1050,0,40,3,0,2,1,12,58,4
2606822,0,1050,0,40,3,0,2,1,12,41,4
2606863,0,1050,0,40,3,0,2,1,12,37,4
2606917,0,1050,0,40,2,0,2,1,12,53,4
2606927,0,1050,0,40,2,0,2,1,12,40,4
2606945,0,1050,0,40,2,0,2,1,12,16,4
2604394,0,1050,0,40,3,1,2,1,16,42,4
2595573,0,1050,0,40,2,3,2,1,42,44,4
2592427,0,1050,0,40,3,3,2,1,50,97,4
2605068,0,1050,0,40,2,1,2,1,17,59,4
2605758,0,1050,0,40,2,1,2,1,13,39,4
2544333,0,1050,0,40,2,16,2,1,94,30,4
2605911,0,1050,0,40,3,1,2,1,12,52,4
2606120,0,1050,0,40,2,1,2,1,12,36,4
2585226,0,1050,0,40,3,7,2,1,55,25,4
2582875,0,1050,0,40,2,6,2,1,58,83,4
2595396,0,1050,0,40,3,6,2,1,30,65,4
2562957,0,1050,0,40,3,12,2,1,69,74,4
2536481,0,1050,0,40,2,14,2,1,107,44,4
2603762,0,1050,0,40,2,2,2,1,22,58,4
2602848,0,1050,0,40,2,2,2,1,24,35,4
2593738,0,1050,0,40,2,5,2,1,47,31,4
2601860,0,1050,0,40,2,4,2,1,27,26,4
2501135,0,1050,0,40,2,23,2,1,122,47,4
2601598,0,1050,0,40,2,3,2,1,25,21,4
2604079,0,1050,0,40,2,2,2,1,21,26,4
2605858,0,1050,0,40,3,1,2,1,17,46,4
2606363,0,1050,0,40,3,1,2,1,13,31,4
2605699,0,1050,0,40,2,2,2,1,16,25,4
2592160,0,1050,0,40,2,6,2,1,43,35,4
2606792,0,1050,0,40,3,0,2,1,11,42,4
2606900,0,1050,0,40,3,0,2,1,11,16,4
2606940,0,1050,0,40,3,0,2,1,11,8,4
2607005,0,1050,0,40,2,0,2,1,11,55,4
2604039,0,1050,0,40,3,1,2,1,11,28,4
2513463,0,1050,0,40,3,20,2,1,146,57,4
2571354,0,1050,0,40,3,9,2,1,67,33,4
2604237,0,1050,0,40,2,2,2,1,17,28,4
2601230,0,1050,0,40,2,2,2,1,31,12,4
2582834,0,1050,0,40,2,8,2,1,48,30,4
2570976,0,1050,0,40,3,9,2,1,75,63,4
2603649,0,1050,0,40,3,1,2,1,24,43,4
2605296,0,1050,0,40,3,1,2,1,18,47,4
2600315,0,1050,0,40,2,2,2,1,29,19,4
2591800,0,1050,0,40,3,6,2,1,47,66,4
2605874,0,1050,0,40,3,1,2,1,14,32,4
2604297,0,1050,0,40,3,2,2,1,17,23,4
2541543,0,1050,0,40,2,14,2,1,89,34,4
2606395,0,1050,0,40,2,1,2,1,11,68,4
2587887,0,1050,0,40,3,7,2,1,46,22,4
2597137,0,1050,0,40,3,5,2,1,31,36,4
2606445,0,1050,0,40,2,1,2,1,12,47,4
2599409,0,1050,0,40,2,3,2,1,38,33,4
2598150,0,1050,0,40,3,5,2,1,29,38,4
2605972,0,1050,0,40,3,2,2,1,14,64,4
2605529,0,1050,0,40,2,2,2,1,19,85,4
2606306,0,1050,0,40,2,1,2,1,15,18,4
2605332,0,1050,0,40,3,2,2,1,15,24,4
2538718,1,1050,933,24.9415,3,19,2,1,100,37,4
2596519,0,1050,0,40,2,4,2,1,35,24,4
2606110,0,1050,0,40,3,1,2,1,18,60,4
2606583,0,1050,0,40,2,1,2,1,14,34,4
2606679,0,1050,0,40,2,0,2,1,10,49,4
2606711,0,1050,0,40,2,0,2,1,10,62,4
2606764,0,1050,0,40,3,0,2,1,10,33,4
2606914,0,1050,0,40,2,0,2,1,10,38,4
2607030,0,1050,0,40,3,0,2,1,10,82,4
2607070,0,1050,0,40,2,0,2,1,10,33,4
2607087,0,1050,0,40,2,0,2,1,10,32,4
2607103,0,1050,0,40,2,0,2,1,10,50,4
2607113,0,1050,0,40,2,0,2,1,10,31,4
2607115,0,1050,0,40,3,0,2,1,10,23,4
2607127,0,1050,0,40,2,0,2,1,10,55,4
2607129,0,1050,0,40,2,0,2,1,10,38,4
2607137,0,1050,0,40,2,0,2,1,10,47,4
2607143,0,1050,0,40,2,0,2,1,10,44,4
2607153,0,1050,0,40,3,0,2,1,10,45,4
2607165,0,1050,0,40,2,0,2,1,10,70,4
2607183,0,1050,0,40,3,0,2,1,10,79,4
2607199,0,1050,0,40,2,0,2,1,10,114,4
2598812,0,1050,0,40,2,4,2,1,28,68,4
2602799,0,1050,0,40,2,3,2,1,16,97,4
2598286,0,1050,0,40,3,5,2,1,26,46,4
2598049,0,1050,0,40,3,4,2,1,30,50,4
2596944,0,1050,0,40,3,5,2,1,33,52,4
2606066,0,1050,0,40,2,1,2,1,12,36,4
2589148,0,1050,0,40,3,6,2,1,42,53,4
2598398,0,1050,0,40,2,4,2,1,23,43,4
2605657,0,1050,0,40,3,1,2,1,16,42,4
2594860,0,1050,0,40,3,6,2,1,38,42,4
2606222,0,1050,0,40,2,1,2,1,12,14,4
2605727,0,1050,0,40,2,1,2,1,11,36,4
2603163,0,1050,0,40,2,2,2,1,14,65,4
2596092,0,1050,0,40,3,3,2,1,45,43,4
2532865,0,1050,0,40,2,17,2,1,115,23,4
2530926,0,1050,0,40,3,14,2,1,120,51,4
2604663,0,1050,0,40,3,2,2,1,14,39,4
2606301,0,1050,0,40,2,1,2,1,10,46,4
2598736,0,1050,0,40,2,4,2,1,33,18,4
2565746,0,1050,0,40,3,11,2,1,88,10,4
2605586,0,1050,0,40,3,1,2,1,17,31,4
2599828,0,1050,0,40,2,5,2,1,26,59,4
2493654,0,1050,0,40,2,24,2,1,138,27,4
2603667,0,1050,0,40,3,3,2,1,23,36,4
2569283,0,1050,0,40,2,9,2,1,57,44,4
2556012,0,1050,0,40,2,12,2,1,86,47,4
2606542,0,1050,0,40,2,1,2,1,10,27,4
2600737,0,1050,0,40,3,2,2,1,31,79,4
2562021,0,1050,0,40,2,12,2,1,76,14,4
2605672,0,1050,0,40,3,1,2,1,16,73,4
2606292,0,1050,0,40,2,1,2,1,14,43,4
2605339,0,1050,0,40,3,2,2,1,14,63,4
2568360,1,1050,961,19.4028,3,12,2,1,61,78,4
2602305,0,1050,0,40,2,2,2,1,27,52,4
2605815,0,1050,0,40,3,1,2,1,15,53,4
2540311,0,1050,0,40,2,14,2,1,100,19,4
2604242,0,1050,0,40,2,3,2,1,16,40,4
2596449,0,1050,0,40,3,7,2,1,32,55,4
2606823,0,1050,0,40,2,1,2,1,11,20,4
2605783,0,1050,0,40,3,2,2,1,11,59,4
2606466,0,1050,0,40,3,1,2,1,10,64,4
2606798,0,1050,0,40,2,1,2,1,10,103,4
2597061,0,1050,0,40,2,6,2,1,35,52,4
2606772,0,1050,0,40,3,0,2,1,9,47,4
2606878,0,1050,0,40,2,0,2,1,9,26,4
2607020,0,1050,0,40,3,0,2,1,9,25,4
2607052,0,1050,0,40,2,0,2,1,9,33,4
2607074,0,1050,0,40,2,0,2,1,9,50,4
2607114,0,1050,0,40,2,0,2,1,9,45,4
2607122,0,1050,0,40,2,0,2,1,9,25,4
2607150,0,1050,0,40,3,0,2,1,9,38,4
2607158,0,1050,0,40,3,0,2,1,9,19,4
2607166,0,1050,0,40,3,0,2,1,9,84,4
2607198,0,1050,0,40,2,0,2,1,9,44,4
2607203,0,1050,0,40,3,0,2,1,9,61,4
2607221,0,1050,0,40,2,0,2,1,9,46,4
2607227,0,1050,0,40,3,0,2,1,9,12,4
2607255,0,1050,0,40,2,0,2,1,9,48,4
2607269,0,1050,0,40,3,0,2,1,9,54,4
2607277,0,1050,0,40,2,0,2,1,9,39,4
2607303,0,1050,0,40,2,0,2,1,9,48,4
2570367,0,1050,0,40,2,12,2,1,60,27,4
2604557,0,1050,0,40,3,2,2,1,14,36,4
2601631,0,1050,0,40,2,2,2,1,29,54,4
2599317,0,1050,0,40,2,3,2,1,34,43,4
2605020,0,1050,0,40,2,2,2,1,17,38,4
2606177,0,1050,0,40,3,1,2,1,10,28,4
2605382,0,1050,0,40,2,2,2,1,13,40,4
2597236,0,1050,0,40,3,5,2,1,29,38,4
2605451,0,1050,0,40,3,2,2,1,13,61,4
2606504,0,1050,0,40,3,1,2,1,9,65,4
2603183,0,1050,0,40,2,2,2,1,27,48,4
2601635,0,1050,0,40,2,3,2,1,26,11,4
2605132,0,1050,0,40,2,1,2,1,20,19,4
2571179,0,1050,0,40,3,11,2,1,62,54,4
2548832,0,1050,0,40,3,14,2,1,82,48,4
2602932,0,1050,0,40,2,3,2,1,17,69,4
2606394,0,1050,0,40,2,1,2,1,12,48,4
2603216,0,1050,0,40,3,5,2,1,18,49,4
2602114,0,1050,0,40,2,4,2,1,20,45,4
2598264,0,1050,0,40,2,4,2,1,40,30,4
2595617,0,1050,0,40,2,3,2,1,35,36,4
2603547,0,1050,0,40,2,2,2,1,17,68,4
2570372,0,1050,0,40,2,10,2,1,63,29,4
2606441,0,1050,0,40,3,1,2,1,12,49,4
2606155,0,1050,0,40,3,1,2,1,11,48,4
2603728,0,1050,0,40,2,4,2,1,19,36,4
2563935,0,1050,0,40,3,13,2,1,68,32,4
2606807,0,1050,0,40,3,1,2,1,9,91,4
2595827,0,1050,0,40,2,3,2,1,45,87,4
2525533,0,1050,0,40,3,19,2,1,109,20,4
2571498,0,1050,0,40,2,12,2,1,63,121,4
2605863,0,1050,0,40,3,2,2,1,15,28,4
2606700,0,1050,0,40,3,1,2,1,11,49,4
2590545,0,1050,0,40,2,9,2,1,35,22,4
2606893,0,1050,0,40,2,1,2,1,9,53,4
2544339,0,1050,0,40,3,14,2,1,95,32,4
2606295,0,1050,0,40,3,1,2,1,14,38,4
2602431,0,1050,0,40,3,3,2,1,23,48,4
2605070,0,1050,0,40,2,2,2,1,19,23,4
2606854,0,1050,0,40,2,1,2,1,10,30,4
2604491,0,1050,0,40,2,3,2,1,18,49,4
2606564,0,1050,0,40,2,0,2,1,8,30,4
2607072,0,1050,0,40,2,0,2,1,8,42,4
2607104,0,1050,0,40,3,0,2,1,8,39,4
2607112,0,1050,0,40,3,0,2,1,8,30,4
2607208,0,1050,0,40,3,0,2,1,8,31,4
2607220,0,1050,0,40,3,0,2,1,8,43,4
2607228,0,1050,0,40,2,0,2,1,8,38,4
2607232,0,1050,0,40,2,0,2,1,8,112,4
2607240,0,1050,0,40,2,0,2,1,8,58,4
2607252,0,1050,0,40,3,0,2,1,8,36,4
2607284,0,1050,0,40,3,0,2,1,8,19,4
2607308,0,1050,0,40,3,0,2,1,8,54,4
2607313,0,1050,0,40,3,0,2,1,8,45,4
2607317,0,1050,0,40,3,0,2,1,8,41,4
2607321,0,1050,0,40,2,0,2,1,8,39,4
2607323,0,1050,0,40,2,0,2,1,8,39,4
2607331,0,1050,0,40,2,0,2,1,8,18,4
2607345,0,1050,0,40,3,0,2,1,8,48,4
2607353,0,1050,0,40,3,0,2,1,8,56,4
2607363,0,1050,0,40,3,0,2,1,8,47,4
2607373,0,1050,0,40,3,0,2,1,8,55,4
2607383,0,1050,0,40,3,0,2,1,8,37,4
2607387,0,1050,0,40,3,0,2,1,8,40,4
2607393,0,1050,0,40,2,0,2,1,8,32,4
2607395,0,1050,0,40,2,0,2,1,8,47,4
2599488,0,1050,0,40,3,3,2,1,29,42,4
2598484,0,1050,0,40,3,4,2,1,27,68,4
2597615,0,1050,0,40,2,5,2,1,28,25,4
2604272,0,1050,0,40,3,2,2,1,18,41,4
2606091,0,1050,0,40,2,1,2,1,9,49,4
2606278,0,1050,0,40,2,1,2,1,8,60,4
2604439,0,1050,0,40,2,2,2,1,15,38,4
2605840,0,1050,0,40,2,1,2,1,13,69,4
2604875,0,1050,0,40,2,2,2,1,11,47,4
2606362,0,1050,0,40,3,1,2,1,9,32,4
2595305,0,1050,0,40,2,6,2,1,28,31,4
2597085,0,1050,0,40,2,5,2,1,35,22,4
2606014,0,1050,0,40,2,1,2,1,12,37,4
2606264,0,1050,0,40,2,1,2,1,11,24,4
2584136,0,1050,0,40,2,9,2,1,44,42,4
2606145,0,1050,0,40,3,1,2,1,11,41,4
2604392,0,1050,0,40,3,2,2,1,21,34,4
2547140,0,1050,0,40,3,18,2,1,89,57,4
2606750,0,1050,0,40,3,1,2,1,8,19,4
2510430,0,1050,0,40,2,16,2,1,161,45,4
2586178,0,1050,0,40,3,7,2,1,52,60,4
2601593,0,1050,0,40,2,2,2,1,27,24,4
2590799,0,1050,0,40,2,6,2,1,43,30,4
2606368,0,1050,0,40,2,1,2,1,12,17,4
2605226,0,1050,0,40,3,2,2,1,13,96,4
2606500,0,1050,0,40,2,1,2,1,10,25,4
2600390,0,1050,0,40,3,5,2,1,27,29,4
2588465,0,1050,0,40,3,8,2,1,49,42,4
2604998,0,1050,0,40,2,3,2,1,10,53,4
2606855,0,1050,0,40,3,1,2,1,8,67,4
2603328,0,1050,0,40,2,1,2,1,30,39,4
2602975,0,1050,0,40,2,2,2,1,28,27,4
2590250,0,1050,0,40,3,7,2,1,44,27,4
2578485,0,1050,0,40,2,10,2,1,40,27,4
2604250,0,1050,0,40,2,3,2,1,18,48,4
2606393,0,1050,0,40,3,1,2,1,10,67,4
2604306,0,1050,0,40,2,2,2,1,24,78,4
2606779,0,1050,0,40,3,1,2,1,9,43,4
2604359,0,1050,0,40,2,2,2,1,19,46,4
2603483,0,1050,0,40,3,4,2,1,14,70,4
2577535,0,1050,0,40,3,12,2,1,57,21,4
2539631,0,1050,0,40,3,14,2,1,99,25,4
2572223,0,1050,0,40,2,10,2,1,57,29,4
2596837,0,1050,0,40,2,4,2,1,38,51,4
2565690,0,1050,0,40,2,12,2,1,73,40,4
2605659,0,1050,0,40,2,2,2,1,16,71,4
2580971,0,1050,0,40,2,9,2,1,62,117,4
2592211,0,1050,0,40,2,8,2,1,32,43,4
2591500,0,1050,0,40,3,7,2,1,38,38,4
2606655,0,1050,0,40,2,1,2,1,8,70,4
2604994,0,1050,0,40,3,1,2,1,21,48,4
2600719,0,1050,0,40,2,3,2,1,31,16,4
2606149,0,1050,0,40,3,1,2,1,15,62,4
2602568,0,1050,0,40,2,5,2,1,20,39,4
2606741,0,1050,0,40,3,1,2,1,11,37,4
2604402,0,1050,0,40,2,2,2,1,23,43,4
2599282,0,1050,0,40,2,4,2,1,39,63,4
2602194,0,1050,0,40,2,3,2,1,29,73,4
2605349,0,1050,0,40,2,2,2,1,15,29,4
2606663,0,1050,0,40,2,0,2,1,7,57,4
2607092,0,1050,0,40,2,0,2,1,7,53,4
2607172,0,1050,0,40,3,0,2,1,7,45,4
2607226,0,1050,0,40,2,0,2,1,7,41,4
2607242,0,1050,0,40,2,0,2,1,7,14,4
2607250,0,1050,0,40,3,0,2,1,7,30,4
2607274,0,1050,0,40,2,0,2,1,7,76,4
2607290,0,1050,0,40,2,0,2,1,7,58,4
2607298,0,1050,0,40,2,0,2,1,7,53,4
2607306,0,1050,0,40,3,0,2,1,7,28,4
2607344,0,1050,0,40,3,0,2,1,7,59,4
2607368,0,1050,0,40,3,0,2,1,7,35,4
2607380,0,1050,0,40,2,0,2,1,7,18,4
2607388,0,1050,0,40,2,0,2,1,7,11,4
2607404,0,1050,0,40,3,0,2,1,7,37,4
2607416,0,1050,0,40,3,0,2,1,7,34,4
2607430,0,1050,0,40,2,0,2,1,7,76,4
2607432,0,1050,0,40,2,0,2,1,7,29,4
2607438,0,1050,0,40,2,0,2,1,7,44,4
2607448,0,1050,0,40,3,0,2,1,7,64,4
2607472,0,1050,0,40,2,0,2,1,7,71,4
2607474,0,1050,0,40,3,0,2,1,7,52,4
2607490,0,1050,0,40,2,0,2,1,7,48,4
2605294,0,1050,0,40,3,1,2,1,12,58,4
2573275,0,1050,0,40,3,7,2,1,68,42,4
2594913,0,1050,0,40,3,5,2,1,31,35,4
2606501,0,1050,0,40,2,1,2,1,7,36,4
2604180,0,1050,0,40,3,2,2,1,19,39,4
2547645,0,1050,0,40,2,13,2,1,71,37,4
2604534,0,1050,0,40,2,2,2,1,18,57,4
2561679,0,1050,0,40,3,13,2,1,75,30,4
2601403,0,1050,0,40,3,3,2,1,24,44,4
2606153,0,1050,0,40,3,1,2,1,10,35,4
2606215,0,1050,0,40,2,1,2,1,9,46,4
2596813,0,1050,0,40,3,3,2,1,29,43,4
2569340,0,1050,0,40,3,11,2,1,64,97,4
2591857,0,1050,0,40,2,5,2,1,49,36,4
2606274,0,1050,0,40,3,1,2,1,11,30,4
2606309,0,1050,0,40,2,1,2,1,9,102,4
2606414,0,1050,0,40,2,1,2,1,8,23,4
2603161,0,1050,0,40,2,3,2,1,22,33,4
2561754,0,1050,0,40,2,12,2,1,69,34,4
2575221,0,1050,0,40,3,6,2,1,65,64,4
2603467,0,1050,0,40,2,2,2,1,19,54,4
2603800,0,1050,0,40,3,3,2,1,21,29,4
2605072,0,1050,0,40,3,2,2,1,16,95,4
2606181,0,1050,0,40,3,1,2,1,12,65,4
2604387,0,1050,0,40,3,3,2,1,13,24,4
2596093,0,1050,0,40,3,5,2,1,38,38,4
2599071,0,1050,0,40,2,5,2,1,25,23,4
2603581,0,1050,0,40,2,3,2,1,17,60,4
2596573,0,1050,0,40,2,7,2,1,26,12,4
2606857,0,1050,0,40,3,1,2,1,7,49,4
2603290,0,1050,0,40,3,1,2,1,27,80,4
2602001,0,1050,0,40,2,3,2,1,27,61,4
2585269,0,1050,0,40,2,9,2,1,43,40,4
2546325,0,1050,0,40,2,17,2,1,81,50,4
2604939,0,1050,0,40,3,2,2,1,16,32,4
2599362,0,1050,0,40,2,5,2,1,22,32,4
2606659,0,1050,0,40,3,1,2,1,8,37,4
2520562,0,1050,0,40,3,21,2,1,112,45,4
2598321,0,1050,0,40,3,5,2,1,33,28,4
2606223,0,1050,0,40,2,2,2,1,9,26,4
2585154,0,1050,0,40,3,9,2,1,59,36,4
2605154,0,1050,0,40,2,1,2,1,22,55,4
2605878,0,1050,0,40,3,1,2,1,17,58,4
2597771,0,1050,0,40,3,4,2,1,40,14,4
2596704,0,1050,0,40,3,7,2,1,27,52,4
2593872,0,1050,0,40,2,5,2,1,39,19,4
2606627,0,1050,0,40,2,1,2,1,12,55,4
2606662,0,1050,0,40,3,1,2,1,11,30,4
2600207,0,1050,0,40,2,4,2,1,28,20,4
2605789,0,1050,0,40,3,2,2,1,11,67,4
2604364,0,1050,0,40,3,4,2,1,12,49,4
2561471,0,1050,0,40,3,7,2,1,90,38,4
2605649,0,1050,0,40,2,2,2,1,16,40,4
2605861,0,1050,0,40,3,1,2,1,16,47,4
2598256,0,1050,0,40,3,4,2,1,36,45,4
2594560,0,1050,0,40,2,6,2,1,44,21,4
2606972,0,1050,0,40,3,1,2,1,7,19,4
2600577,0,1050,0,40,3,5,2,1,25,32,4
2607080,0,1050,0,40,3,1,2,1,7,36,4
2574977,0,1050,0,40,3,10,2,1,70,26,4
2587845,0,1050,0,40,2,9,2,1,49,44,4
2607000,0,1050,0,40,2,0,2,1,6,50,4
2607230,0,1050,0,40,3,0,2,1,6,96,4
2607334,0,1050,0,40,3,0,2,1,6,23,4
2607382,0,1050,0,40,3,0,2,1,6,12,4
2607398,0,1050,0,40,2,0,2,1,6,29,4
2607409,0,1050,0,40,3,0,2,1,6,35,4
2607421,0,1050,0,40,2,0,2,1,6,57,4
2607429,0,1050,0,40,2,0,2,1,6,53,4
2607441,0,1050,0,40,2,0,2,1,6,22,4
2607453,0,1050,0,40,2,0,2,1,6,11,4
2607489,0,1050,0,40,3,0,2,1,6,75,4
2607493,0,1050,0,40,2,0,2,1,6,27,4
2607518,0,1050,0,40,2,0,2,1,6,21,4
2607526,0,1050,0,40,2,0,2,1,6,31,4
2607530,0,1050,0,40,2,0,2,1,6,58,4
2607536,0,1050,0,40,3,0,2,1,6,24,4
2607540,0,1050,0,40,3,0,2,1,6,38,4
2607556,0,1050,0,40,2,0,2,1,6,41,4
2607564,0,1050,0,40,2,0,2,1,6,81,4
2607566,0,1050,0,40,3,0,2,1,6,34,4
2607568,0,1050,0,40,2,0,2,1,6,20,4
2607578,0,1050,0,40,2,0,2,1,6,43,4
2607582,0,1050,0,40,3,0,2,1,6,28,4
2607588,0,1050,0,40,2,0,2,1,6,12,4
2607596,0,1050,0,40,2,0,2,1,6,32,4
2607600,0,1050,0,40,3,0,2,1,6,58,4
2605918,0,1050,0,40,3,1,2,1,7,50,4
2603249,0,1050,0,40,3,3,2,1,21,38,4
2604684,0,1050,0,40,2,2,2,1,9,88,4
2605406,0,1050,0,40,2,2,2,1,11,32,4
2524102,0,1050,0,40,2,20,2,1,113,44,4
2509480,1,1050,928,27.5754,3,23,2,1,143,22,4
2606543,0,1050,0,40,2,1,2,1,6,43,4
2604140,0,1050,0,40,3,3,2,1,14,48,4
2604669,0,1050,0,40,3,3,2,1,12,41,4
2605889,0,1050,0,40,2,1,2,1,7,39,4
2593193,0,1050,0,40,3,4,2,1,40,50,4
2606712,0,1050,0,40,3,1,2,1,6,35,4
2558317,0,1050,0,40,2,10,2,1,90,36,4
2549333,0,1050,0,40,2,15,2,1,82,45,4
2594908,0,1050,0,40,3,5,2,1,45,39,4
2606175,0,1050,0,40,3,1,2,1,9,111,4
2597112,0,1050,0,40,2,5,2,1,32,57,4
2602008,0,1050,0,40,3,3,2,1,12,53,4
2604065,0,1050,0,40,2,3,2,1,14,17,4
2606767,0,1050,0,40,2,1,2,1,6,14,4
2603070,0,1050,0,40,2,2,2,1,26,45,4
2576021,0,1050,0,40,2,8,2,1,63,43,4
2600509,0,1050,0,40,3,5,2,1,27,57,4
2604128,0,1050,0,40,2,2,2,1,24,49,4
2603839,0,1050,0,40,3,2,2,1,17,24,4
2585260,0,1050,0,40,2,7,2,1,54,43,4
2593775,0,1050,0,40,2,4,2,1,46,33,4
2590751,0,1050,0,40,3,6,2,1,41,37,4
2604420,0,1050,0,40,2,3,2,1,13,25,4
2601560,0,1050,0,40,2,4,2,1,27,64,4
2578680,0,1050,0,40,3,5,2,1,79,54,4
2606183,0,1050,0,40,3,2,2,1,8,50,4
2599404,0,1050,0,40,2,3,2,1,28,25,4
2606903,0,1050,0,40,2,1,2,1,6,53,4
2539609,0,1050,0,40,3,17,2,1,91,37,4
2602745,0,1050,0,40,3,3,2,1,18,39,4
2595486,0,1050,0,40,3,5,2,1,34,44,4
2588866,0,1050,0,40,2,8,2,1,35,40,4
2551213,0,1050,0,40,2,13,2,1,78,57,4
2562428,0,1050,0,40,2,13,2,1,60,39,4
2598048,0,1050,0,40,3,5,2,1,26,38,4
2602663,0,1050,0,40,3,4,2,1,23,61,4
2606939,0,1050,0,40,3,1,2,1,7,50,4
2565391,0,1050,0,40,3,10,2,1,64,40,4
2607019,0,1050,0,40,3,1,2,1,6,54,4
2502160,0,1050,0,40,3,22,2,1,143,35,4
2606515,0,1050,0,40,2,1,2,1,12,32,4
2598378,0,1050,0,40,3,5,2,1,25,59,4
2604139,0,1050,0,40,3,2,2,1,22,45,4
2576800,0,1050,0,40,2,8,2,1,68,35,4
2602022,0,1050,0,40,3,3,2,1,27,86,4
2604276,0,1050,0,40,3,3,2,1,21,51,4
2606682,0,1050,0,40,3,1,2,1,10,41,4
2601948,0,1050,0,40,2,3,2,1,27,81,4
2596047,0,1050,0,40,3,4,2,1,44,19,4
2602771,0,1050,0,40,3,5,2,1,17,76,4
2605691,0,1050,0,40,3,2,2,1,10,75,4
2607075,0,1050,0,40,3,1,2,1,6,44,4
2588043,0,1050,0,40,2,6,2,1,57,64,4
2604094,0,1050,0,40,3,3,2,1,17,62,4
2604746,0,1050,0,40,3,4,2,1,16,33,4
2591897,0,1050,0,40,3,6,2,1,46,61,4
2607141,0,1050,0,40,2,1,2,1,7,48,4
2602068,0,1050,0,40,2,4,2,1,25,14,4
2600965,0,1050,0,40,3,3,2,1,34,31,4
2598563,0,1050,0,40,2,7,2,1,26,47,4
2607182,0,1050,0,40,2,1,2,1,6,50,4
2596090,0,1050,0,40,3,4,2,1,35,49,4
2603590,0,1050,0,40,3,3,2,1,22,34,4
2605987,0,1050,0,40,2,2,2,1,14,64,4
2562103,0,1050,0,40,2,11,2,1,69,47,4
2577156,0,1050,0,40,2,10,2,1,55,43,4
2606701,0,1050,0,40,2,1,2,1,11,35,4
2566007,0,1050,0,40,3,14,2,1,64,22,4
2603980,0,1050,0,40,2,3,2,1,22,41,4
2606408,0,1050,0,40,2,2,2,1,10,41,4
2606372,0,1050,0,40,2,2,2,1,10,34,4
2597072,0,1050,0,40,2,5,2,1,45,87,4
2603258,0,1050,0,40,2,4,2,1,21,56,4
2595881,0,1050,0,40,3,8,2,1,27,53,4
2607311,0,1050,0,40,3,1,2,1,6,36,4
2605949,0,1050,0,40,2,2,2,1,16,57,4
2551593,0,1050,0,40,2,11,2,1,79,52,4
2598149,0,1050,0,40,2,8,2,1,29,46,4
2602805,0,1050,0,40,3,3,2,1,31,20,4
2607502,0,1050,0,40,2,1,2,1,7,37,4
2606839,0,1050,0,40,2,2,2,1,8,68,4
2607032,0,1050,0,40,2,0,2,1,5,12,4
2607270,0,1050,0,40,2,0,2,1,5,35,4
2607302,0,1050,0,40,2,0,2,1,5,51,4
2607370,0,1050,0,40,3,0,2,1,5,44,4
2607386,0,1050,0,40,3,0,2,1,5,38,4
2607411,0,1050,0,40,3,0,2,1,5,56,4
2607435,0,1050,0,40,3,0,2,1,5,32,4
2607451,0,1050,0,40,2,0,2,1,5,97,4
2607483,0,1050,0,40,2,0,2,1,5,78,4
2607513,0,1050,0,40,3,0,2,1,5,32,4
2607521,0,1050,0,40,3,0,2,1,5,78,4
2607525,0,1050,0,40,3,0,2,1,5,40,4
2607529,0,1050,0,40,2,0,2,1,5,23,4
2607533,0,1050,0,40,2,0,2,1,5,13,4
2607545,0,1050,0,40,3,0,2,1,5,74,4
2607549,0,1050,0,40,2,0,2,1,5,33,4
2607565,0,1050,0,40,2,0,2,1,5,81,4
2607569,0,1050,0,40,3,0,2,1,5,67,4
2607589,0,1050,0,40,3,0,2,1,5,46,4
2607597,0,1050,0,40,2,0,2,1,5,38,4
2607601,0,1050,0,40,3,0,2,1,5,32,4
2607615,0,1050,0,40,3,0,2,1,5,50,4
2607617,0,1050,0,40,3,0,2,1,5,40,4
2607621,0,1050,0,40,3,0,2,1,5,92,4
2607623,0,1050,0,40,2,0,2,1,5,21,4
2607625,0,1050,0,40,3,0,2,1,5,48,4
2607629,0,1050,0,40,3,0,2,1,5,20,4
2607645,0,1050,0,40,3,0,2,1,5,53,4
2607655,0,1050,0,40,3,0,2,1,5,18,4
2607659,0,1050,0,40,2,0,2,1,5,38,4
2607661,0,1050,0,40,2,0,2,1,5,12,4
2607667,0,1050,0,40,3,0,2,1,5,31,4
2607669,0,1050,0,40,3,0,2,1,5,75,4
2607671,0,1050,0,40,3,0,2,1,5,20,4
2607675,0,1050,0,40,2,0,2,1,5,42,4
2607689,0,1050,0,40,3,0,2,1,5,54,4
2607691,0,1050,0,40,3,0,2,1,5,45,4
2607693,0,1050,0,40,2,0,2,1,5,82,4
2607697,0,1050,0,40,3,0,2,1,5,12,4
2601886,0,1050,0,40,3,3,2,1,16,23,4
2602730,0,1050,0,40,2,2,2,1,22,33,4
2526113,0,1050,0,40,2,17,2,1,114,68,4
2562764,0,1050,0,40,3,12,2,1,74,57,4
2606122,0,1050,0,40,2,1,2,1,10,40,4
2580572,0,1050,0,40,3,7,2,1,43,64,4
2581379,0,1050,0,40,2,10,2,1,58,35,4
2600049,0,1050,0,40,3,3,2,1,22,22,4
2581707,0,1050,0,40,3,7,2,1,59,53,4
2601976,0,1050,0,40,2,3,2,1,22,22,4
2586181,0,1050,0,40,3,9,2,1,39,43,4
2595227,0,1050,0,40,2,7,2,1,17,60,4
2604987,0,1050,0,40,2,3,2,1,12,40,4
2599601,0,1050,0,40,2,5,2,1,20,34,4
2604179,0,1050,0,40,3,2,2,1,12,34,4
2603261,0,1050,0,40,2,4,2,1,12,38,4
2606795,0,1050,0,40,2,1,2,1,5,17,4
2603653,0,1050,0,40,2,2,2,1,21,20,4
2603017,0,1050,0,40,2,2,2,1,24,24,4
2546951,0,1050,0,40,3,12,2,1,93,74,4
2606056,0,1050,0,40,2,1,2,1,12,34,4
2604846,0,1050,0,40,2,2,2,1,13,110,4
2511457,0,1050,0,40,2,20,2,1,139,24,4
2606017,0,1050,0,40,3,1,2,1,9,19,4
2602554,0,1050,0,40,3,3,2,1,21,30,4
2602408,0,1050,0,40,2,3,2,1,19,21,4
2606353,0,1050,0,40,2,1,2,1,6,28,4
2586624,0,1050,0,40,3,7,2,1,40,24,4
2604578,0,1050,0,40,3,3,2,1,14,46,4
2590095,0,1050,0,40,3,5,2,1,47,47,4
2600697,0,1050,0,40,2,3,2,1,32,54,4
2605379,0,1050,0,40,2,2,2,1,14,25,4
2606085,0,1050,0,40,3,1,2,1,11,16,4
2547445,0,1050,0,40,3,14,2,1,70,62,4
2592550,0,1050,0,40,2,7,2,1,35,59,4
2606642,0,1050,0,40,2,1,2,1,8,64,4
2605233,0,1050,0,40,3,2,2,1,10,42,4
2600015,0,1050,0,40,3,4,2,1,26,59,4
2606758,0,1050,0,40,2,1,2,1,6,32,4
2589815,0,1050,0,40,3,8,2,1,27,64,4
2604937,0,1050,0,40,2,4,2,1,13,27,4
2604300,0,1050,0,40,2,2,2,1,20,48,4
2521313,0,1050,0,40,3,15,2,1,148,87,4
2606068,0,1050,0,40,2,1,2,1,14,40,4
2602595,0,1050,0,40,3,2,2,1,23,32,4
2605319,0,1050,0,40,3,2,2,1,14,26,4
2606415,0,1050,0,40,2,1,2,1,11,52,4
2606251,0,1050,0,40,2,1,2,1,10,21,4
2606748,0,1050,0,40,3,1,2,1,9,47,4
2606815,0,1050,0,40,2,1,2,1,8,48,4
2606715,0,1050,0,40,2,1,2,1,7,31,4
2601567,0,1050,0,40,3,3,2,1,25,54,4
2599324,0,1050,0,40,2,6,2,1,22,83,4
2592187,0,1050,0,40,2,5,2,1,54,46,4
2606421,0,1050,0,40,3,2,2,1,8,24,4
2606768,0,1050,0,40,3,1,2,1,6,23,4
2607031,0,1050,0,40,3,1,2,1,6,44,4
2572986,0,1050,0,40,2,10,2,1,57,47,4
2599315,0,1050,0,40,3,4,2,1,26,39,4
2594581,0,1050,0,40,3,6,2,1,38,55,4
2606828,0,1050,0,40,3,1,2,1,5,12,4
2607173,0,1050,0,40,3,1,2,1,5,39,4
2603940,0,1050,0,40,3,1,2,1,28,67,4
2601845,0,1050,0,40,2,3,2,1,29,35,4
2592614,0,1050,0,40,2,5,2,1,42,38,4
2601091,0,1050,0,40,3,3,2,1,27,20,4
2595439,0,1050,0,40,3,6,2,1,38,72,4
2606065,0,1050,0,40,2,1,2,1,12,44,4
2573555,0,1050,0,40,3,8,2,1,74,35,4
2604810,0,1050,0,40,3,2,2,1,20,48,4
2606492,0,1050,0,40,2,1,2,1,11,28,4
2605564,0,1050,0,40,3,2,2,1,13,56,4
2577285,0,1050,0,40,3,10,2,1,61,47,4
2591445,0,1050,0,40,2,6,2,1,31,10,4
2600919,0,1050,0,40,2,4,2,1,22,65,4
2598910,0,1050,0,40,2,5,2,1,24,63,4
2604106,0,1050,0,40,3,3,2,1,21,44,4
2606540,0,1050,0,40,2,1,2,1,8,40,4
2606859,0,1050,0,40,3,1,2,1,8,77,4
2603724,0,1050,0,40,3,3,2,1,18,46,4
2602787,0,1050,0,40,2,4,2,1,20,33,4
2606993,0,1050,0,40,3,1,2,1,7,26,4
2605310,0,1050,0,40,3,2,2,1,13,70,4
2606224,0,1050,0,40,2,2,2,1,10,24,4
2603861,0,1050,0,40,2,4,2,1,12,18,4
2603585,0,1050,0,40,2,5,2,1,11,31,4
2603022,0,1050,0,40,2,5,2,1,21,24,4
2606910,0,1050,0,40,3,1,2,1,5,36,4
2607295,0,1050,0,40,2,1,2,1,5,49,4
2592532,0,1050,0,40,3,6,2,1,49,16,4
2600744,0,1050,0,40,2,6,2,1,22,37,4
2606467,0,1050,0,40,3,1,2,1,13,8,4
2588386,0,1050,0,40,2,7,2,1,48,97,4
2583291,0,1050,0,40,2,9,2,1,52,36,4
2601615,0,1050,0,40,3,3,2,1,32,67,4
2606887,0,1050,0,40,3,1,2,1,9,87,4
2588818,0,1050,0,40,2,7,2,1,44,49,4
2604163,0,1050,0,40,3,2,2,1,21,19,4
2577168,0,1050,0,40,3,13,2,1,55,26,4
2603217,0,1050,0,40,2,5,2,1,19,34,4
2606760,0,1050,0,40,2,1,2,1,8,48,4
2605802,0,1050,0,40,3,3,2,1,12,72,4
2592490,0,1050,0,40,2,9,2,1,30,50,4
2607096,0,1050,0,40,2,1,2,1,5,69,4
2607379,0,1050,0,40,3,1,2,1,5,21,4
2605618,0,1050,0,40,3,2,2,1,17,33,4
2586405,0,1050,0,40,2,7,2,1,42,50,4
2600459,0,1050,0,40,2,4,2,1,30,58,4
2600318,0,1050,0,40,3,4,2,1,36,110,4
2537547,0,1050,0,40,3,16,2,1,109,92,4
2542754,0,1050,0,40,2,17,2,1,96,39,4
2590066,0,1050,0,40,2,7,2,1,46,44,4
2607147,0,1050,0,40,2,1,2,1,8,5,4
2593283,0,1050,0,40,3,8,2,1,34,21,4
2590049,0,1050,0,40,3,8,2,1,44,47,4
2596929,0,1050,0,40,3,6,2,1,36,49,4
2600479,0,1050,0,40,3,5,2,1,24,61,4
2607348,0,1050,0,40,3,1,2,1,5,41,4
2522450,0,1050,0,40,3,20,2,1,108,13,4
2550297,1,1050,922,21.1022,3,15,2,1,78,50,4
2592377,0,1050,0,40,2,4,2,1,52,48,4
2597470,0,1050,0,40,2,5,2,1,27,69,4
2607088,0,1050,0,40,3,1,2,1,7,32,4
2607392,0,1050,0,40,2,1,2,1,6,24,4
2476171,0,1050,0,40,3,25,2,1,150,26,4
2606453,0,1050,0,40,2,2,2,1,12,63,4
2552223,0,1050,0,40,3,16,2,1,90,98,4
2599222,0,1050,0,40,3,5,2,1,25,47,4
2606994,0,1050,0,40,3,2,2,1,8,73,4
2607084,0,1050,0,40,3,0,2,1,4,26,4
2607206,0,1050,0,40,2,0,2,1,4,49,4
2607314,0,1050,0,40,3,0,2,1,4,50,4
2607346,0,1050,0,40,2,0,2,1,4,124,4
2607378,0,1050,0,40,2,0,2,1,4,82,4
2607407,0,1050,0,40,2,0,2,1,4,49,4
2607455,0,1050,0,40,2,0,2,1,4,35,4
2607503,0,1050,0,40,2,0,2,1,4,45,4
2607515,0,1050,0,40,3,0,2,1,4,64,4
2607539,0,1050,0,40,3,0,2,1,4,42,4
2607563,0,1050,0,40,3,0,2,1,4,54,4
2607579,0,1050,0,40,2,0,2,1,4,11,4
2607587,0,1050,0,40,3,0,2,1,4,20,4
2607603,0,1050,0,40,3,0,2,1,4,32,4
2607612,0,1050,0,40,3,0,2,1,4,28,4
2607624,0,1050,0,40,2,0,2,1,4,56,4
2607632,0,1050,0,40,2,0,2,1,4,46,4
2607640,0,1050,0,40,2,0,2,1,4,19,4
2607652,0,1050,0,40,3,0,2,1,4,37,4
2607656,0,1050,0,40,2,0,2,1,4,25,4
2607664,0,1050,0,40,3,0,2,1,4,30,4
2607668,0,1050,0,40,3,0,2,1,4,25,4
2607676,0,1050,0,40,2,0,2,1,4,14,4
2607680,0,1050,0,40,3,0,2,1,4,53,4
2607684,0,1050,0,40,2,0,2,1,4,21,4
2607696,0,1050,0,40,3,0,2,1,4,29,4
2607701,0,1050,0,40,3,0,2,1,4,41,4
2607707,0,1050,0,40,3,0,2,1,4,25,4
2607709,0,1050,0,40,2,0,2,1,4,42,4
2607715,0,1050,0,40,2,0,2,1,4,20,4
2607717,0,1050,0,40,2,0,2,1,4,25,4
2607719,0,1050,0,40,2,0,2,1,4,33,4
2607721,0,1050,0,40,3,0,2,1,4,33,4
2607723,0,1050,0,40,3,0,2,1,4,39,4
2607727,0,1050,0,40,2,0,2,1,4,53,4
2607729,0,1050,0,40,3,0,2,1,4,55,4
2607731,0,1050,0,40,3,0,2,1,4,31,4
2607735,0,1050,0,40,2,0,2,1,4,47,4
2607737,0,1050,0,40,3,0,2,1,4,61,4
2607741,0,1050,0,40,3,0,2,1,4,22,4
2607743,0,1050,0,40,2,0,2,1,4,69,4
2607749,0,1050,0,40,3,0,2,1,4,36,4
2607757,0,1050,0,40,3,0,2,1,4,32,4
2607759,0,1050,0,40,2,0,2,1,4,61,4
2607763,0,1050,0,40,2,0,2,1,4,20,4
2607769,0,1050,0,40,2,0,2,1,4,67,4
2607771,0,1050,0,40,3,0,2,1,4,67,4
2607773,0,1050,0,40,3,0,2,1,4,12,4
2607775,0,1050,0,40,2,0,2,1,4,42,4
2599376,0,1050,0,40,2,4,2,1,21,35,4
2604737,0,1050,0,40,3,1,2,1,14,62,4
2603143,0,1050,0,40,2,5,2,1,15,76,4
2606277,0,1050,0,40,3,1,2,1,4,57,4
2605741,0,1050,0,40,3,1,2,1,10,59,4
2604589,0,1050,0,40,3,2,2,1,14,70,4
2605906,0,1050,0,40,3,2,2,1,8,49,4
2603400,0,1050,0,40,2,2,2,1,18,67,4
2545232,0,1050,0,40,3,16,2,1,81,38,4
2606577,0,1050,0,40,3,1,2,1,6,78,4
2587185,0,1050,0,40,3,9,2,1,34,66,4
2604422,0,1050,0,40,2,2,2,1,19,78,4
2598881,0,1050,0,40,3,4,2,1,27,68,4
2600244,0,1050,0,40,3,3,2,1,28,54,4
2597064,0,1050,0,40,3,5,2,1,33,68,4
2604433,0,1050,0,40,2,3,2,1,10,22,4
2605420,0,1050,0,40,3,2,2,1,13,30,4
2600028,0,1050,0,40,3,5,2,1,19,104,4
2604759,0,1050,0,40,2,2,2,1,12,23,4
2606683,0,1050,0,40,2,1,2,1,4,28,4
2590694,0,1050,0,40,2,5,2,1,43,22,4
2516924,1,1050,935,33.259,2,18,2,1,120,26,4
2606290,0,1050,0,40,3,1,2,1,10,32,4
2604391,0,1050,0,40,2,2,2,1,17,29,4
2591558,0,1050,0,40,2,5,2,1,39,29,4
2606593,0,1050,0,40,2,1,2,1,8,58,4
2603955,0,1050,0,40,2,3,2,1,15,49,4
2532198,0,1050,0,40,2,21,2,1,98,38,4
2606809,0,1050,0,40,3,1,2,1,6,51,4
2604448,0,1050,0,40,3,2,2,1,17,79,4
2598516,0,1050,0,40,3,3,2,1,39,42,4
2599727,0,1050,0,40,2,4,2,1,22,52,4
2606784,0,1050,0,40,2,1,2,1,4,45,4
2571664,0,1050,0,40,2,11,2,1,74,19,4
2578584,0,1050,0,40,2,10,2,1,61,54,4
2605274,0,1050,0,40,2,2,2,1,14,35,4
2605865,0,1050,0,40,2,1,2,1,11,54,4
2599322,0,1050,0,40,2,5,2,1,30,46,4
2606371,0,1050,0,40,3,1,2,1,10,30,4
2598409,0,1050,0,40,2,6,2,1,26,28,4
2606195,0,1050,0,40,3,1,2,1,8,57,4
2589426,0,1050,0,40,2,6,2,1,30,15,4
2602482,0,1050,0,40,3,3,2,1,20,42,4
2606584,0,1050,0,40,3,1,2,1,7,43,4
2606835,0,1050,0,40,2,1,2,1,7,57,4
2606957,0,1050,0,40,3,1,2,1,6,22,4
2502545,0,1050,0,40,3,20,2,1,118,90,4
2603137,0,1050,0,40,3,5,2,1,16,46,4
2606303,0,1050,0,40,3,2,2,1,8,69,4
2606964,0,1050,0,40,3,1,2,1,5,56,4
2597644,0,1050,0,40,3,5,2,1,27,29,4
2588859,0,1050,0,40,3,8,2,1,24,39,4
2604542,0,1050,0,40,3,4,2,1,8,26,4
2606440,0,1050,0,40,3,2,2,1,7,51,4
2607010,0,1050,0,40,2,1,2,1,4,43,4
2605200,0,1050,0,40,3,1,2,1,20,62,4
2605971,0,1050,0,40,3,1,2,1,14,57,4
2606216,0,1050,0,40,2,1,2,1,13,62,4
2588130,0,1050,0,40,3,8,2,1,40,60,4
2604260,0,1050,0,40,2,2,2,1,20,45,4
2605392,0,1050,0,40,2,2,2,1,13,29,4
2568648,0,1050,0,40,3,9,2,1,76,50,4
2605674,0,1050,0,40,3,2,2,1,13,77,4
2606578,0,1050,0,40,2,1,2,1,9,40,4
2606366,0,1050,0,40,2,2,2,1,8,42,4
2566122,0,1050,0,40,2,12,2,1,76,59,4
2590960,0,1050,0,40,3,8,2,1,43,37,4
2582041,0,1050,0,40,2,10,2,1,50,37,4
2606601,0,1050,0,40,3,2,2,1,6,79,4
2592843,0,1050,0,40,2,7,2,1,40,41,4
2606796,0,1050,0,40,2,1,2,1,5,24,4
2602183,0,1050,0,40,2,4,2,1,20,50,4
2596110,0,1050,0,40,3,6,2,1,33,34,4
2607012,0,1050,0,40,2,1,2,1,4,77,4
2607110,0,1050,0,40,3,1,2,1,4,29,4
2607219,0,1050,0,40,2,1,2,1,4,61,4
2603884,0,1050,0,40,3,2,2,1,24,52,4
2587651,0,1050,0,40,3,7,2,1,53,14,4
2605764,0,1050,0,40,2,1,2,1,17,30,4
2600808,0,1050,0,40,3,3,2,1,21,36,4
2599183,0,1050,0,40,2,4,2,1,28,9,4
2606387,0,1050,0,40,3,1,2,1,12,8,4
2606531,0,1050,0,40,2,1,2,1,11,51,4
2580676,0,1050,0,40,3,7,2,1,60,45,4
2604056,0,1050,0,40,2,3,2,1,15,40,4
2605862,0,1050,0,40,2,2,2,1,10,41,4
2605018,0,1050,0,40,2,2,2,1,13,60,4
2606147,0,1050,0,40,3,1,2,1,8,28,4
2606907,0,1050,0,40,2,1,2,1,8,53,4
2563232,0,1050,0,40,2,10,2,1,79,20,4
2606968,0,1050,0,40,3,1,2,1,7,60,4
2606315,0,1050,0,40,2,2,2,1,8,45,4
2605383,0,1050,0,40,3,3,2,1,14,33,4
2607073,0,1050,0,40,2,1,2,1,6,43,4
2607185,0,1050,0,40,3,1,2,1,6,20,4
2602455,0,1050,0,40,3,3,2,1,20,39,4
2594452,0,1050,0,40,3,6,2,1,37,20,4
2575228,0,1050,0,40,2,9,2,1,68,69,4
2561869,1,1050,971,17.4892,3,10,2,1,78,40,4
2595698,0,1050,0,40,2,5,2,1,47,20,4
2607128,0,1050,0,40,2,1,2,1,4,38,4
2607224,0,1050,0,40,3,1,2,1,4,76,4
2595414,0,1050,0,40,3,4,2,1,37,56,4
2600172,0,1050,0,40,2,3,2,1,33,27,4
2603315,0,1050,0,40,3,3,2,1,20,31,4
2606536,0,1050,0,40,2,1,2,1,10,42,4
2604295,0,1050,0,40,2,3,2,1,14,19,4
2596314,0,1050,0,40,2,6,2,1,29,25,4
2580120,0,1050,0,40,3,11,2,1,45,54,4
2589803,0,1050,0,40,3,7,2,1,38,60,4
2571074,0,1050,0,40,3,13,2,1,63,111,4
2543977,0,1050,0,40,2,18,2,1,83,32,4
2598425,0,1050,0,40,2,6,2,1,31,40,4
2600370,0,1050,0,40,3,5,2,1,17,9,4
2606361,0,1050,0,40,2,2,2,1,7,30,4
2607280,0,1050,0,40,2,1,2,1,5,53,4
2599120,0,1050,0,40,2,5,2,1,21,89,4
2587076,0,1050,0,40,3,7,2,1,50,44,4
2604999,0,1050,0,40,2,1,2,1,24,31,4
2574962,0,1050,0,40,2,7,2,1,78,19,4
2606057,0,1050,0,40,3,1,2,1,13,46,4
2607015,0,1050,0,40,3,1,2,1,9,89,4
2607171,0,1050,0,40,2,1,2,1,8,26,4
2597172,0,1050,0,40,2,6,2,1,22,68,4
2605526,0,1050,0,40,3,2,2,1,10,74,4
2606102,0,1050,0,40,2,2,2,1,13,23,4
2607343,0,1050,0,40,3,1,2,1,6,20,4
2581881,0,1050,0,40,3,9,2,1,59,43,4
2606816,0,1050,0,40,2,2,2,1,6,45,4
2605527,0,1050,0,40,3,3,2,1,17,59,4
2607468,0,1050,0,40,2,1,2,1,5,39,4
2599045,0,1050,0,40,3,7,2,1,28,23,4
2607544,0,1050,0,40,2,1,2,1,4,43,4
2606194,0,1050,0,40,2,1,2,1,17,40,4
2605773,0,1050,0,40,2,2,2,1,17,52,4
2601942,0,1050,0,40,3,4,2,1,18,48,4
2599453,0,1050,0,40,3,6,2,1,27,54,4
2607417,0,1050,0,40,2,1,2,1,5,34,4
2574166,0,1050,0,40,2,7,2,1,76,63,4
2601371,0,1050,0,40,2,5,2,1,25,28,4
2607238,0,1050,0,40,2,0,2,1,3,52,4
2607330,0,1050,0,40,2,0,2,1,3,21,4
2607431,0,1050,0,40,3,0,2,1,3,27,4
2607511,0,1050,0,40,3,0,2,1,3,42,4
2607543,0,1050,0,40,3,0,2,1,3,48,4
2607591,0,1050,0,40,3,0,2,1,3,43,4
2607614,0,1050,0,40,2,0,2,1,3,62,4
2607622,0,1050,0,40,2,0,2,1,3,38,4
2607638,0,1050,0,40,2,0,2,1,3,120,4
2607646,0,1050,0,40,3,0,2,1,3,53,4
2607654,0,1050,0,40,2,0,2,1,3,40,4
2607662,0,1050,0,40,3,0,2,1,3,72,4
2607670,0,1050,0,40,2,0,2,1,3,66,4
2607686,0,1050,0,40,3,0,2,1,3,53,4
2607694,0,1050,0,40,3,0,2,1,3,20,4
2607704,0,1050,0,40,3,0,2,1,3,14,4
2607712,0,1050,0,40,2,0,2,1,3,23,4
2607716,0,1050,0,40,2,0,2,1,3,24,4
2607720,0,1050,0,40,3,0,2,1,3,54,4
2607728,0,1050,0,40,3,0,2,1,3,71,4
2607736,0,1050,0,40,2,0,2,1,3,103,4
2607740,0,1050,0,40,2,0,2,1,3,57,4
2607744,0,1050,0,40,2,0,2,1,3,22,4
2607752,0,1050,0,40,3,0,2,1,3,37,4
2607756,0,1050,0,40,2,0,2,1,3,23,4
2607760,0,1050,0,40,2,0,2,1,3,48,4
2607776,0,1050,0,40,2,0,2,1,3,23,4
2607778,0,1050,0,40,3,0,2,1,3,59,4
2607784,0,1050,0,40,2,0,2,1,3,65,4
2607788,0,1050,0,40,3,0,2,1,3,31,4
2607790,0,1050,0,40,3,0,2,1,3,35,4
2607792,0,1050,0,40,2,0,2,1,3,34,4
2607796,0,1050,0,40,2,0,2,1,3,47,4
2607798,0,1050,0,40,3,0,2,1,3,19,4
2607800,0,1050,0,40,3,0,2,1,3,55,4
2607802,0,1050,0,40,3,0,2,1,3,39,4
2607806,0,1050,0,40,3,0,2,1,3,25,4
2607810,0,1050,0,40,3,0,2,1,3,27,4
2607812,0,1050,0,40,3,0,2,1,3,80,4
2607814,0,1050,0,40,3,0,2,1,3,47,4
2607818,0,1050,0,40,3,0,2,1,3,49,4
2607820,0,1050,0,40,3,0,2,1,3,33,4
2607824,0,1050,0,40,2,0,2,1,3,17,4
2607826,0,1050,0,40,2,0,2,1,3,62,4
2607830,0,1050,0,40,3,0,2,1,3,20,4
2607832,0,1050,0,40,2,0,2,1,3,45,4
2607834,0,1050,0,40,3,0,2,1,3,39,4
2607836,0,1050,0,40,3,0,2,1,3,38,4
2607838,0,1050,0,40,2,0,2,1,3,62,4
2607840,0,1050,0,40,2,0,2,1,3,73,4
2607842,0,1050,0,40,2,0,2,1,3,66,4
2607844,0,1050,0,40,3,0,2,1,3,36,4
2607848,0,1050,0,40,2,0,2,1,3,41,4
2607850,0,1050,0,40,3,0,2,1,3,53,4
2607854,0,1050,0,40,3,0,2,1,3,91,4
2607856,0,1050,0,40,3,0,2,1,3,78,4
2607858,0,1050,0,40,2,0,2,1,3,41,4
2607860,0,1050,0,40,2,0,2,1,3,38,4
2607862,0,1050,0,40,2,0,2,1,3,26,4
2602468,0,1050,0,40,3,3,2,1,13,40,4
2605944,0,1050,0,40,3,1,2,1,8,45,4
2605490,0,1050,0,40,2,2,2,1,6,79,4
2605025,0,1050,0,40,2,1,2,1,16,51,4
2603791,0,1050,0,40,3,2,2,1,16,41,4
2592882,0,1050,0,40,3,7,2,1,37,26,4
2606630,0,1050,0,40,2,1,2,1,4,45,4
2602185,0,1050,0,40,3,2,2,1,20,34,4
2553867,0,1050,0,40,3,12,2,1,69,47,4
2606286,0,1050,0,40,3,1,2,1,8,24,4
2606048,0,1050,0,40,2,2,2,1,7,26,4
2562448,0,1050,0,40,2,12,2,1,68,25,4
2580986,0,1050,0,40,3,10,2,1,40,44,4
2558656,0,1050,0,40,2,10,2,1,81,32,4
2604431,0,1050,0,40,2,3,2,1,14,28,4
2605847,0,1050,0,40,3,2,2,1,7,50,4
2606298,0,1050,0,40,3,2,2,1,6,23,4
2552182,1,1050,918,16.6751,3,17,2,1,59,64,4
2606915,0,1050,0,40,3,1,2,1,4,42,4
2606981,0,1050,0,40,2,1,2,1,3,30,4
2599344,0,1050,0,40,2,5,2,1,31,62,4
2552195,0,1050,0,40,3,11,2,1,101,72,4
2604940,0,1050,0,40,2,2,2,1,14,34,4
2606206,0,1050,0,40,3,1,2,1,11,65,4
2593030,0,1050,0,40,3,6,2,1,26,29,4
2606271,0,1050,0,40,3,1,2,1,9,17,4
2603795,0,1050,0,40,2,3,2,1,16,26,4
2584946,0,1050,0,40,2,10,2,1,41,72,4
2605590,0,1050,0,40,3,2,2,1,8,50,4
2606667,0,1050,0,40,3,1,2,1,5,81,4
2605146,0,1050,0,40,3,3,2,1,12,43,4
2568905,0,1050,0,40,2,13,2,1,59,43,4
2607011,0,1050,0,40,2,1,2,1,4,23,4
2589044,0,1050,0,40,3,8,2,1,42,40,4
2574776,0,1050,0,40,2,13,2,1,57,89,4
2607155,0,1050,0,40,3,1,2,1,3,42,4
2603155,0,1050,0,40,2,4,2,1,24,30,4
2596102,0,1050,0,40,3,4,2,1,40,26,4
2602593,0,1050,0,40,3,3,2,1,19,74,4
2594196,0,1050,0,40,3,7,2,1,32,27,4
2605471,0,1050,0,40,2,3,2,1,13,42,4
2604146,0,1050,0,40,2,2,2,1,18,29,4
2592049,0,1050,0,40,3,6,2,1,33,97,4
2562858,0,1050,0,40,3,12,2,1,67,33,4
2606895,0,1050,0,40,3,1,2,1,6,30,4
2600178,0,1050,0,40,3,5,2,1,17,33,4
2603068,0,1050,0,40,3,4,2,1,16,35,4
2607067,0,1050,0,40,2,1,2,1,5,19,4
2603154,0,1050,0,40,2,3,2,1,17,22,4
2581214,0,1050,0,40,3,9,2,1,50,32,4
2607175,0,1050,0,40,3,1,2,1,4,48,4
2604497,0,1050,0,40,2,3,2,1,14,30,4
2604215,0,1050,0,40,2,3,2,1,14,25,4
2566710,0,1050,0,40,2,13,2,1,64,71,4
2607130,0,1050,0,40,2,1,2,1,3,54,4
2607223,0,1050,0,40,2,1,2,1,3,31,4
2598935,0,1050,0,40,2,3,2,1,40,43,4
2581745,0,1050,0,40,2,5,2,1,66,34,4
2566266,0,1050,0,40,3,11,2,1,78,44,4
2603779,0,1050,0,40,3,2,2,1,20,45,4
2606235,0,1050,0,40,3,1,2,1,10,26,4
2605056,0,1050,0,40,2,2,2,1,12,59,4
2606656,0,1050,0,40,3,1,2,1,9,62,4
2604289,0,1050,0,40,2,3,2,1,14,28,4
2606528,0,1050,0,40,2,1,2,1,8,97,4
2543856,0,1050,0,40,2,16,2,1,94,83,4
2602279,0,1050,0,40,2,3,2,1,16,16,4
2605546,0,1050,0,40,3,2,2,1,13,47,4
2606979,0,1050,0,40,2,1,2,1,6,52,4
2605273,0,1050,0,40,3,2,2,1,12,19,4
2595517,0,1050,0,40,2,8,2,1,29,37,4
2606974,0,1050,0,40,3,1,2,1,5,47,4
2607177,0,1050,0,40,3,1,2,1,5,35,4
2538603,0,1050,0,40,2,16,2,1,93,43,4
2606188,0,1050,0,40,2,2,2,1,5,44,4
2606460,0,1050,0,40,3,2,2,1,5,17,4
2606427,0,1050,0,40,3,2,2,1,8,30,4
2607279,0,1050,0,40,2,1,2,1,4,20,4
2586636,0,1050,0,40,3,8,2,1,41,53,4
2603803,0,1050,0,40,2,4,2,1,18,17,4
2597823,0,1050,0,40,2,6,2,1,30,87,4
2607008,0,1050,0,40,2,1,2,1,3,157,4
2591810,0,1050,0,40,3,5,2,1,47,63,4
2600348,0,1050,0,40,3,3,2,1,31,34,4
2588894,0,1050,0,40,2,6,2,1,46,42,4
2605767,0,1050,0,40,3,1,2,1,12,24,4
2530484,1,1050,897,25.9759,3,17,2,1,101,52,4
2605765,0,1050,0,40,3,2,2,1,11,75,4
2580508,1,1050,964,36.4636,2,9,2,1,52,45,4
2593169,0,1050,0,40,3,8,2,1,40,24,4
2606963,0,1050,0,40,2,1,2,1,8,21,4
2589209,0,1050,0,40,3,8,2,1,37,38,4
2576808,0,1050,0,40,3,11,2,1,67,65,4
2604523,0,1050,0,40,2,4,2,1,16,64,4
2606743,0,1050,0,40,2,1,2,1,6,45,4
2602632,0,1050,0,40,3,3,2,1,26,25,4
2600446,0,1050,0,40,3,5,2,1,24,45,4
2607235,0,1050,0,40,2,1,2,1,5,23,4
2607259,0,1050,0,40,2,1,2,1,5,52,4
2601626,0,1050,0,40,2,4,2,1,26,39,4
2603674,0,1050,0,40,3,3,2,1,22,32,4
2599101,0,1050,0,40,3,6,2,1,24,52,4
2606724,0,1050,0,40,3,2,2,1,5,47,4
2502338,0,1050,0,40,2,23,2,1,137,28,4
2604205,0,1050,0,40,3,3,2,1,17,28,4
2601868,0,1050,0,40,2,6,2,1,27,45,4
2607506,0,1050,0,40,2,1,2,1,3,49,4
2602236,0,1050,0,40,3,3,2,1,29,45,4
2600897,0,1050,0,40,3,2,2,1,32,24,4
2514598,0,1050,0,40,3,20,2,1,157,17,4
2602683,0,1050,0,40,3,3,2,1,20,24,4
2594273,0,1050,0,40,3,8,2,1,29,58,4
2606622,0,1050,0,40,3,1,2,1,11,28,4
2606861,0,1050,0,40,3,1,2,1,9,37,4
2606031,0,1050,0,40,2,2,2,1,12,83,4
2606922,0,1050,0,40,3,1,2,1,7,41,4
2550356,0,1050,0,40,2,13,2,1,88,53,4
2606161,0,1050,0,40,2,2,2,1,10,37,4
2564439,0,1050,0,40,3,13,2,1,83,60,4
2607028,0,1050,0,40,2,1,2,1,6,27,4
2587697,0,1050,0,40,3,7,2,1,53,54,4
2607056,0,1050,0,40,3,1,2,1,5,48,4
2607403,0,1050,0,40,2,1,2,1,5,36,4
2601328,0,1050,0,40,2,6,2,1,21,54,4
2606697,0,1050,0,40,2,2,2,1,6,34,4
2602429,0,1050,0,40,3,4,2,1,25,49,4
2606477,0,1050,0,40,2,2,2,1,11,55,4
2605502,0,1050,0,40,2,2,2,1,9,32,4
2605748,0,1050,0,40,2,3,2,1,8,33,4
2505383,0,1050,0,40,2,24,2,1,133,37,4
2607350,0,1050,0,40,3,1,2,1,3,22,4
2607562,0,1050,0,40,3,1,2,1,3,27,4
2607580,0,1050,0,40,2,1,2,1,3,14,4
2594299,0,1050,0,40,2,5,2,1,46,23,4
2602723,0,1050,0,40,3,4,2,1,21,59,4
2558989,0,1050,0,40,3,10,2,1,86,52,4
2565407,0,1050,0,40,2,11,2,1,76,41,4
2605996,0,1050,0,40,3,2,2,1,13,62,4
2606639,0,1050,0,40,3,1,2,1,9,37,4
2557956,0,1050,0,40,3,11,2,1,84,32,4
2602878,0,1050,0,40,3,5,2,1,21,35,4
2607159,0,1050,0,40,2,1,2,1,8,47,4
2607273,0,1050,0,40,2,1,2,1,7,31,4
2605601,0,1050,0,40,2,2,2,1,11,66,4
2582691,0,1050,0,40,2,7,2,1,53,23,4
2604545,0,1050,0,40,2,4,2,1,15,36,4
2606902,0,1050,0,40,3,1,2,1,5,51,4
2598536,0,1050,0,40,3,6,2,1,28,29,4
2607257,0,1050,0,40,2,2,2,1,5,45,4
2607481,0,1050,0,40,3,1,2,1,4,50,4
2606330,0,1050,0,40,2,2,2,1,4,43,4
2601164,0,1050,0,40,3,4,2,1,25,58,4
2607161,0,1050,0,40,2,2,2,1,4,64,4
2607419,0,1050,0,40,2,1,2,1,3,63,4
2520303,0,1050,0,40,2,20,2,1,107,52,4
2598596,0,1050,0,40,3,4,2,1,33,36,4
2606493,0,1050,0,40,2,2,2,1,8,71,4
2606348,0,1050,0,40,3,2,2,1,10,56,4
2535680,0,1050,0,40,2,16,2,1,98,34,4
2543610,0,1050,0,40,3,21,2,1,82,48,4
2607045,0,1050,0,40,3,2,2,1,8,50,4
2607639,0,1050,0,40,3,1,2,1,4,48,4
2603384,0,1050,0,40,2,4,2,1,20,37,4
2607471,0,1050,0,40,2,1,2,1,3,41,4
2607553,0,1050,0,40,3,1,2,1,5,9,4
2605368,0,1050,0,40,2,2,2,1,17,24,4
2607415,0,1050,0,40,2,0,2,1,2,32,4
2607519,0,1050,0,40,3,0,2,1,2,84,4
2607551,0,1050,0,40,2,0,2,1,2,68,4
2607583,0,1050,0,40,2,0,2,1,2,59,4
2607610,0,1050,0,40,3,0,2,1,2,29,4
2607626,0,1050,0,40,3,0,2,1,2,42,4
2607642,0,1050,0,40,3,0,2,1,2,41,4
2607658,0,1050,0,40,2,0,2,1,2,56,4
2607674,0,1050,0,40,3,0,2,1,2,40,4
2607690,0,1050,0,40,3,0,2,1,2,70,4
2607702,0,1050,0,40,2,0,2,1,2,36,4
2607710,0,1050,0,40,2,0,2,1,2,77,4
2607718,0,1050,0,40,2,0,2,1,2,59,4
2607726,0,1050,0,40,2,0,2,1,2,35,4
2607734,0,1050,0,40,3,0,2,1,2,23,4
2607742,0,1050,0,40,2,0,2,1,2,24,4
2607750,0,1050,0,40,3,0,2,1,2,43,4
2607766,0,1050,0,40,3,0,2,1,2,61,4
2607774,0,1050,0,40,2,0,2,1,2,127,4
2607779,0,1050,0,40,2,0,2,1,2,47,4
2607783,0,1050,0,40,2,0,2,1,2,43,4
2607787,0,1050,0,40,2,0,2,1,2,48,4
2607791,0,1050,0,40,2,0,2,1,2,31,4
2607795,0,1050,0,40,3,0,2,1,2,48,4
2607799,0,1050,0,40,2,0,2,1,2,63,4
2607803,0,1050,0,40,3,0,2,1,2,24,4
2607807,0,1050,0,40,3,0,2,1,2,30,4
2607811,0,1050,0,40,2,0,2,1,2,32,4
2607815,0,1050,0,40,3,0,2,1,2,76,4
2607819,0,1050,0,40,3,0,2,1,2,37,4
2607823,0,1050,0,40,2,0,2,1,2,21,4
2607827,0,1050,0,40,2,0,2,1,2,30,4
2607831,0,1050,0,40,2,0,2,1,2,22,4
2607835,0,1050,0,40,2,0,2,1,2,42,4
2607839,0,1050,0,40,2,0,2,1,2,29,4
2607843,0,1050,0,40,2,0,2,1,2,30,4
2607847,0,1050,0,40,3,0,2,1,2,71,4
2607851,0,1050,0,40,2,0,2,1,2,27,4
2607859,0,1050,0,40,3,0,2,1,2,41,4
2607863,0,1050,0,40,2,0,2,1,2,50,4
2607865,0,1050,0,40,3,0,2,1,2,51,4
2607867,0,1050,0,40,3,0,2,1,2,23,4
2607871,0,1050,0,40,2,0,2,1,2,38,4
2607875,0,1050,0,40,2,0,2,1,2,39,4
2607879,0,1050,0,40,2,0,2,1,2,13,4
2607881,0,1050,0,40,2,0,2,1,2,55,4
2607883,0,1050,0,40,3,0,2,1,2,29,4
2607885,0,1050,0,40,3,0,2,1,2,87,4
2607887,0,1050,0,40,3,0,2,1,2,53,4
2607889,0,1050,0,40,3,0,2,1,2,29,4
2607893,0,1050,0,40,2,0,2,1,2,30,4
2607895,0,1050,0,40,2,0,2,1,2,122,4
2607897,0,1050,0,40,2,0,2,1,2,7,4
2607899,0,1050,0,40,3,0,2,1,2,44,4
2607903,0,1050,0,40,2,0,2,1,2,37,4
2607905,0,1050,0,40,3,0,2,1,2,38,4
2607907,0,1050,0,40,3,0,2,1,2,42,4
2607909,0,1050,0,40,2,0,2,1,2,47,4
2607911,0,1050,0,40,3,0,2,1,2,44,4
2607913,0,1050,0,40,2,0,2,1,2,89,4
2607917,0,1050,0,40,2,0,2,1,2,30,4
2607919,0,1050,0,40,2,0,2,1,2,29,4
2607921,0,1050,0,40,2,0,2,1,2,56,4
2607923,0,1050,0,40,2,0,2,1,2,21,4
2607925,0,1050,0,40,2,0,2,1,2,39,4
2607929,0,1050,0,40,3,0,2,1,2,68,4
2607931,0,1050,0,40,2,0,2,1,2,29,4
2607933,0,1050,0,40,2,0,2,1,2,33,4
